store_code	id	availability
HRANA01	100	in_stock
HRANA01	1000	in_stock
HRANA01	1001	in_stock
HRANA01	1002	in_stock
HRANA01	1005	in_stock
HRANA01	1006	in_stock
HRANA01	1007	in_stock
HRANA01	1008	in_stock
HRANA01	1009	in_stock
HRANA01	1011	in_stock
HRANA01	1012	in_stock
HRANA01	1013	in_stock
HRANA01	1014	in_stock
HRANA01	1016	in_stock
HRANA01	1017	in_stock
HRANA01	1018	in_stock
HRANA01	1019	in_stock
HRANA01	102	in_stock
HRANA01	1021	in_stock
HRANA01	1022	in_stock
HRANA01	1023	in_stock
HRANA01	1024	in_stock
HRANA01	1025	in_stock
HRANA01	103	in_stock
HRANA01	1031	in_stock
HRANA01	1036	in_stock
HRANA01	1038	in_stock
HRANA01	104	in_stock
HRANA01	1040	in_stock
HRANA01	1041	in_stock
HRANA01	1042	in_stock
HRANA01	1044	in_stock
HRANA01	1048	in_stock
HRANA01	1049	in_stock
HRANA01	1050	in_stock
HRANA01	1051	in_stock
HRANA01	1052	in_stock
HRANA01	1053	in_stock
HRANA01	1054	in_stock
HRANA01	106	in_stock
HRANA01	1062	in_stock
HRANA01	1063	in_stock
HRANA01	1064	in_stock
HRANA01	1065	in_stock
HRANA01	1066	in_stock
HRANA01	1067	in_stock
HRANA01	1069	in_stock
HRANA01	107	in_stock
HRANA01	1070	in_stock
HRANA01	1072	in_stock
HRANA01	1073	in_stock
HRANA01	1075	in_stock
HRANA01	1076	in_stock
HRANA01	1081	in_stock
HRANA01	1086	in_stock
HRANA01	1087	in_stock
HRANA01	1088	in_stock
HRANA01	109	in_stock
HRANA01	1091	in_stock
HRANA01	1092	in_stock
HRANA01	1093	in_stock
HRANA01	1096	in_stock
HRANA01	1098	in_stock
HRANA01	1102	in_stock
HRANA01	1103	in_stock
HRANA01	1104	in_stock
HRANA01	1106	in_stock
HRANA01	1109	in_stock
HRANA01	111	in_stock
HRANA01	112	in_stock
HRANA01	1123	in_stock
HRANA01	1124	in_stock
HRANA01	1125	in_stock
HRANA01	113	in_stock
HRANA01	1141	in_stock
HRANA01	1148	in_stock
HRANA01	1149	in_stock
HRANA01	1150	in_stock
HRANA01	1151	in_stock
HRANA01	1155	in_stock
HRANA01	1156	in_stock
HRANA01	1159	in_stock
HRANA01	116	in_stock
HRANA01	1166	in_stock
HRANA01	1167	in_stock
HRANA01	1168	in_stock
HRANA01	1169	in_stock
HRANA01	117	in_stock
HRANA01	1170	in_stock
HRANA01	1171	in_stock
HRANA01	1175	in_stock
HRANA01	1176	in_stock
HRANA01	1177	in_stock
HRANA01	1178	in_stock
HRANA01	1179	in_stock
HRANA01	118	in_stock
HRANA01	1185	in_stock
HRANA01	1189	in_stock
HRANA01	1192	in_stock
HRANA01	1193	in_stock
HRANA01	1194	in_stock
HRANA01	1195	in_stock
HRANA01	1196	in_stock
HRANA01	1197	in_stock
HRANA01	120	in_stock
HRANA01	1203	in_stock
HRANA01	1204	in_stock
HRANA01	1205	in_stock
HRANA01	1207	in_stock
HRANA01	121	in_stock
HRANA01	1212	in_stock
HRANA01	1215	in_stock
HRANA01	1216	in_stock
HRANA01	1217	in_stock
HRANA01	1218	in_stock
HRANA01	122	in_stock
HRANA01	1220	in_stock
HRANA01	1221	in_stock
HRANA01	1224	in_stock
HRANA01	1225	in_stock
HRANA01	1226	in_stock
HRANA01	1227	in_stock
HRANA01	1228	in_stock
HRANA01	1229	in_stock
HRANA01	123	in_stock
HRANA01	1230	in_stock
HRANA01	1231	in_stock
HRANA01	1232	in_stock
HRANA01	1233	in_stock
HRANA01	1234	in_stock
HRANA01	1235	in_stock
HRANA01	1236	in_stock
HRANA01	1238	in_stock
HRANA01	124	in_stock
HRANA01	1240	in_stock
HRANA01	1245	in_stock
HRANA01	1247	in_stock
HRANA01	125	in_stock
HRANA01	1251	in_stock
HRANA01	1252	in_stock
HRANA01	1254	in_stock
HRANA01	1255	in_stock
HRANA01	1256	in_stock
HRANA01	1257	in_stock
HRANA01	1258	in_stock
HRANA01	1259	in_stock
HRANA01	126	in_stock
HRANA01	1260	in_stock
HRANA01	1261	in_stock
HRANA01	1262	in_stock
HRANA01	1263	in_stock
HRANA01	1264	in_stock
HRANA01	1265	in_stock
HRANA01	1266	in_stock
HRANA01	1267	in_stock
HRANA01	1268	in_stock
HRANA01	1269	in_stock
HRANA01	127	in_stock
HRANA01	128	in_stock
HRANA01	1280	in_stock
HRANA01	1281	in_stock
HRANA01	1282	in_stock
HRANA01	1283	in_stock
HRANA01	1285	in_stock
HRANA01	1286	in_stock
HRANA01	1287	in_stock
HRANA01	1288	in_stock
HRANA01	1289	in_stock
HRANA01	129	in_stock
HRANA01	1291	in_stock
HRANA01	1292	in_stock
HRANA01	1293	in_stock
HRANA01	1294	in_stock
HRANA01	1300	in_stock
HRANA01	1301	in_stock
HRANA01	1302	in_stock
HRANA01	1303	in_stock
HRANA01	1309	in_stock
HRANA01	1310	in_stock
HRANA01	1315	in_stock
HRANA01	1316	in_stock
HRANA01	1317	in_stock
HRANA01	132	in_stock
HRANA01	1322	in_stock
HRANA01	1323	in_stock
HRANA01	1324	in_stock
HRANA01	1325	in_stock
HRANA01	1326	in_stock
HRANA01	1327	in_stock
HRANA01	1328	in_stock
HRANA01	1329	in_stock
HRANA01	133	in_stock
HRANA01	1332	in_stock
HRANA01	1337	in_stock
HRANA01	1338	in_stock
HRANA01	134	in_stock
HRANA01	1340	in_stock
HRANA01	1345	in_stock
HRANA01	1346	in_stock
HRANA01	1347	in_stock
HRANA01	135	in_stock
HRANA01	1351	in_stock
HRANA01	1352	in_stock
HRANA01	1353	in_stock
HRANA01	1354	in_stock
HRANA01	1356	in_stock
HRANA01	1357	in_stock
HRANA01	136	in_stock
HRANA01	1364	in_stock
HRANA01	1365	in_stock
HRANA01	1366	in_stock
HRANA01	137	in_stock
HRANA01	1371	in_stock
HRANA01	1376	in_stock
HRANA01	1377	in_stock
HRANA01	1378	in_stock
HRANA01	1379	in_stock
HRANA01	1388	in_stock
HRANA01	1389	in_stock
HRANA01	139	in_stock
HRANA01	1390	in_stock
HRANA01	1405	in_stock
HRANA01	1406	in_stock
HRANA01	1407	in_stock
HRANA01	1408	in_stock
HRANA01	1409	in_stock
HRANA01	141	in_stock
HRANA01	1410	in_stock
HRANA01	1411	in_stock
HRANA01	1412	in_stock
HRANA01	1413	in_stock
HRANA01	1414	in_stock
HRANA01	1415	in_stock
HRANA01	1416	in_stock
HRANA01	1417	in_stock
HRANA01	1418	in_stock
HRANA01	1419	in_stock
HRANA01	142	in_stock
HRANA01	1420	in_stock
HRANA01	1421	in_stock
HRANA01	1422	in_stock
HRANA01	1423	in_stock
HRANA01	1424	in_stock
HRANA01	1425	in_stock
HRANA01	1426	in_stock
HRANA01	1427	in_stock
HRANA01	1428	in_stock
HRANA01	1429	in_stock
HRANA01	143	in_stock
HRANA01	1433	in_stock
HRANA01	1434	in_stock
HRANA01	1435	in_stock
HRANA01	1436	in_stock
HRANA01	144	in_stock
HRANA01	1440	in_stock
HRANA01	1441	in_stock
HRANA01	1443	in_stock
HRANA01	1444	in_stock
HRANA01	1445	in_stock
HRANA01	1446	in_stock
HRANA01	1449	in_stock
HRANA01	145	in_stock
HRANA01	1450	in_stock
HRANA01	1451	in_stock
HRANA01	1452	in_stock
HRANA01	1453	in_stock
HRANA01	1454	in_stock
HRANA01	1455	in_stock
HRANA01	1456	in_stock
HRANA01	1457	in_stock
HRANA01	1458	in_stock
HRANA01	1461	in_stock
HRANA01	1462	in_stock
HRANA01	1468	in_stock
HRANA01	1473	in_stock
HRANA01	1482	in_stock
HRANA01	1483	in_stock
HRANA01	1484	in_stock
HRANA01	1485	in_stock
HRANA01	149	in_stock
HRANA01	1492	in_stock
HRANA01	1493	in_stock
HRANA01	1494	in_stock
HRANA01	1495	in_stock
HRANA01	1496	in_stock
HRANA01	1499	in_stock
HRANA01	150	in_stock
HRANA01	1500	in_stock
HRANA01	1501	in_stock
HRANA01	1502	in_stock
HRANA01	1503	in_stock
HRANA01	1504	in_stock
HRANA01	1506	in_stock
HRANA01	1508	in_stock
HRANA01	151	in_stock
HRANA01	1519	in_stock
HRANA01	152	in_stock
HRANA01	1520	in_stock
HRANA01	1521	in_stock
HRANA01	1524	in_stock
HRANA01	1527	in_stock
HRANA01	153	in_stock
HRANA01	1536	in_stock
HRANA01	1537	in_stock
HRANA01	1538	in_stock
HRANA01	1539	in_stock
HRANA01	154	in_stock
HRANA01	1540	in_stock
HRANA01	1541	in_stock
HRANA01	1542	in_stock
HRANA01	1543	in_stock
HRANA01	1544	in_stock
HRANA01	1545	in_stock
HRANA01	1546	in_stock
HRANA01	1553	in_stock
HRANA01	1554	in_stock
HRANA01	1558	in_stock
HRANA01	1559	in_stock
HRANA01	156	in_stock
HRANA01	1560	in_stock
HRANA01	1561	in_stock
HRANA01	1562	in_stock
HRANA01	1563	in_stock
HRANA01	1564	in_stock
HRANA01	1565	in_stock
HRANA01	1566	in_stock
HRANA01	1567	in_stock
HRANA01	1569	in_stock
HRANA01	1570	in_stock
HRANA01	1571	in_stock
HRANA01	1572	in_stock
HRANA01	1573	in_stock
HRANA01	1574	in_stock
HRANA01	1575	in_stock
HRANA01	1576	in_stock
HRANA01	1577	in_stock
HRANA01	1578	in_stock
HRANA01	1581	in_stock
HRANA01	1582	in_stock
HRANA01	1583	in_stock
HRANA01	1584	in_stock
HRANA01	1585	in_stock
HRANA01	1586	in_stock
HRANA01	1587	in_stock
HRANA01	1589	in_stock
HRANA01	1590	in_stock
HRANA01	1591	in_stock
HRANA01	1592	in_stock
HRANA01	1594	in_stock
HRANA01	1595	in_stock
HRANA01	1596	in_stock
HRANA01	1597	in_stock
HRANA01	1598	in_stock
HRANA01	1599	in_stock
HRANA01	1607	in_stock
HRANA01	1612	in_stock
HRANA01	1613	in_stock
HRANA01	1614	in_stock
HRANA01	1615	in_stock
HRANA01	1616	in_stock
HRANA01	1617	in_stock
HRANA01	162	in_stock
HRANA01	1620	in_stock
HRANA01	1621	in_stock
HRANA01	1622	in_stock
HRANA01	1623	in_stock
HRANA01	1624	in_stock
HRANA01	1625	in_stock
HRANA01	1626	in_stock
HRANA01	1627	in_stock
HRANA01	1628	in_stock
HRANA01	1629	in_stock
HRANA01	1630	in_stock
HRANA01	1631	in_stock
HRANA01	1632	in_stock
HRANA01	1633	in_stock
HRANA01	1634	in_stock
HRANA01	1635	in_stock
HRANA01	1636	in_stock
HRANA01	1637	in_stock
HRANA01	1638	in_stock
HRANA01	164	in_stock
HRANA01	1641	in_stock
HRANA01	1642	in_stock
HRANA01	1643	in_stock
HRANA01	1644	in_stock
HRANA01	1645	in_stock
HRANA01	1646	in_stock
HRANA01	1647	in_stock
HRANA01	1648	in_stock
HRANA01	1649	in_stock
HRANA01	165	in_stock
HRANA01	1650	in_stock
HRANA01	1651	in_stock
HRANA01	1652	in_stock
HRANA01	166	in_stock
HRANA01	1670	in_stock
HRANA01	1671_100	in_stock
HRANA01	1671_101	in_stock
HRANA01	1671_102	in_stock
HRANA01	1671_103	in_stock
HRANA01	1671_104	in_stock
HRANA01	1671_105	in_stock
HRANA01	1671_106	in_stock
HRANA01	1671_107	in_stock
HRANA01	1671_108	in_stock
HRANA01	1671_109	in_stock
HRANA01	1671_97	in_stock
HRANA01	1671_98	in_stock
HRANA01	1671_99	in_stock
HRANA01	1672	in_stock
HRANA01	1673	in_stock
HRANA01	1674	in_stock
HRANA01	1675	in_stock
HRANA01	1676	in_stock
HRANA01	1677	in_stock
HRANA01	168	in_stock
HRANA01	169	in_stock
HRANA01	173	in_stock
HRANA01	174	in_stock
HRANA01	175	in_stock
HRANA01	176	in_stock
HRANA01	179	in_stock
HRANA01	183	in_stock
HRANA01	187	in_stock
HRANA01	189	in_stock
HRANA01	193	in_stock
HRANA01	194	in_stock
HRANA01	196	in_stock
HRANA01	197	in_stock
HRANA01	198	in_stock
HRANA01	199	in_stock
HRANA01	200	in_stock
HRANA01	201	in_stock
HRANA01	202	in_stock
HRANA01	205	in_stock
HRANA01	206	in_stock
HRANA01	207	in_stock
HRANA01	208	in_stock
HRANA01	210	in_stock
HRANA01	212	in_stock
HRANA01	213	in_stock
HRANA01	214	in_stock
HRANA01	216	in_stock
HRANA01	217	in_stock
HRANA01	218	in_stock
HRANA01	219	in_stock
HRANA01	225	in_stock
HRANA01	241	in_stock
HRANA01	242	in_stock
HRANA01	246	in_stock
HRANA01	247	in_stock
HRANA01	248	in_stock
HRANA01	249	in_stock
HRANA01	250	in_stock
HRANA01	288	in_stock
HRANA01	290	in_stock
HRANA01	291	in_stock
HRANA01	308	in_stock
HRANA01	318	in_stock
HRANA01	322	in_stock
HRANA01	327	in_stock
HRANA01	328	in_stock
HRANA01	329	in_stock
HRANA01	330	in_stock
HRANA01	331	in_stock
HRANA01	334	in_stock
HRANA01	342	in_stock
HRANA01	343	in_stock
HRANA01	344	in_stock
HRANA01	346	in_stock
HRANA01	347	in_stock
HRANA01	348	in_stock
HRANA01	350	in_stock
HRANA01	355	in_stock
HRANA01	358	in_stock
HRANA01	359	in_stock
HRANA01	376	in_stock
HRANA01	381	in_stock
HRANA01	388	in_stock
HRANA01	392	in_stock
HRANA01	402	in_stock
HRANA01	403	in_stock
HRANA01	409	in_stock
HRANA01	411	in_stock
HRANA01	412	in_stock
HRANA01	413	in_stock
HRANA01	414	in_stock
HRANA01	415	in_stock
HRANA01	416	in_stock
HRANA01	420	in_stock
HRANA01	421	in_stock
HRANA01	422	in_stock
HRANA01	423	in_stock
HRANA01	445	in_stock
HRANA01	446	in_stock
HRANA01	451	in_stock
HRANA01	456	in_stock
HRANA01	458	in_stock
HRANA01	461	in_stock
HRANA01	462	in_stock
HRANA01	467	in_stock
HRANA01	468	in_stock
HRANA01	469	in_stock
HRANA01	470	in_stock
HRANA01	479	in_stock
HRANA01	48	in_stock
HRANA01	481	in_stock
HRANA01	49	in_stock
HRANA01	502	in_stock
HRANA01	51	in_stock
HRANA01	52	in_stock
HRANA01	525	in_stock
HRANA01	526	in_stock
HRANA01	527	in_stock
HRANA01	529	in_stock
HRANA01	53	in_stock
HRANA01	530	in_stock
HRANA01	54	in_stock
HRANA01	543	in_stock
HRANA01	544	in_stock
HRANA01	545	in_stock
HRANA01	550	in_stock
HRANA01	551	in_stock
HRANA01	552	in_stock
HRANA01	554	in_stock
HRANA01	555	in_stock
HRANA01	556	in_stock
HRANA01	564	in_stock
HRANA01	567	in_stock
HRANA01	568	in_stock
HRANA01	569	in_stock
HRANA01	57	in_stock
HRANA01	575	in_stock
HRANA01	576	in_stock
HRANA01	578	in_stock
HRANA01	579	in_stock
HRANA01	58	in_stock
HRANA01	580	in_stock
HRANA01	583	in_stock
HRANA01	584	in_stock
HRANA01	595	in_stock
HRANA01	599	in_stock
HRANA01	60	in_stock
HRANA01	600	in_stock
HRANA01	602	in_stock
HRANA01	603	in_stock
HRANA01	605	in_stock
HRANA01	61	in_stock
HRANA01	62	in_stock
HRANA01	622	in_stock
HRANA01	626	in_stock
HRANA01	628	in_stock
HRANA01	63	in_stock
HRANA01	631	in_stock
HRANA01	634	in_stock
HRANA01	64	in_stock
HRANA01	643	in_stock
HRANA01	644	in_stock
HRANA01	645	in_stock
HRANA01	667	in_stock
HRANA01	668	in_stock
HRANA01	669	in_stock
HRANA01	67	in_stock
HRANA01	670	in_stock
HRANA01	671	in_stock
HRANA01	672	in_stock
HRANA01	673	in_stock
HRANA01	675	in_stock
HRANA01	676	in_stock
HRANA01	678	in_stock
HRANA01	679	in_stock
HRANA01	680	in_stock
HRANA01	681	in_stock
HRANA01	682	in_stock
HRANA01	683	in_stock
HRANA01	72	in_stock
HRANA01	722	in_stock
HRANA01	726	in_stock
HRANA01	727	in_stock
HRANA01	728	in_stock
HRANA01	73	in_stock
HRANA01	737	in_stock
HRANA01	745	in_stock
HRANA01	746	in_stock
HRANA01	747	in_stock
HRANA01	751	in_stock
HRANA01	752	in_stock
HRANA01	753	in_stock
HRANA01	755	in_stock
HRANA01	761	in_stock
HRANA01	762	in_stock
HRANA01	764	in_stock
HRANA01	765	in_stock
HRANA01	766	in_stock
HRANA01	767	in_stock
HRANA01	769	in_stock
HRANA01	77	in_stock
HRANA01	770	in_stock
HRANA01	771	in_stock
HRANA01	773	in_stock
HRANA01	775	in_stock
HRANA01	776	in_stock
HRANA01	777	in_stock
HRANA01	778	in_stock
HRANA01	779	in_stock
HRANA01	78	in_stock
HRANA01	780	in_stock
HRANA01	787	in_stock
HRANA01	788	in_stock
HRANA01	789	in_stock
HRANA01	790	in_stock
HRANA01	792	in_stock
HRANA01	793	in_stock
HRANA01	795	in_stock
HRANA01	796	in_stock
HRANA01	799	in_stock
HRANA01	800	in_stock
HRANA01	801	in_stock
HRANA01	802	in_stock
HRANA01	803	in_stock
HRANA01	804	in_stock
HRANA01	805	in_stock
HRANA01	806	in_stock
HRANA01	807	in_stock
HRANA01	808	in_stock
HRANA01	809	in_stock
HRANA01	810	in_stock
HRANA01	811	in_stock
HRANA01	812	in_stock
HRANA01	813	in_stock
HRANA01	814	in_stock
HRANA01	815	in_stock
HRANA01	816	in_stock
HRANA01	817	in_stock
HRANA01	818	in_stock
HRANA01	819	in_stock
HRANA01	837	in_stock
HRANA01	842	in_stock
HRANA01	845	in_stock
HRANA01	848	in_stock
HRANA01	853	in_stock
HRANA01	854	in_stock
HRANA01	855	in_stock
HRANA01	857	in_stock
HRANA01	859	in_stock
HRANA01	862	in_stock
HRANA01	867	in_stock
HRANA01	88	in_stock
HRANA01	882	in_stock
HRANA01	883	in_stock
HRANA01	885	in_stock
HRANA01	886	in_stock
HRANA01	887	in_stock
HRANA01	888	in_stock
HRANA01	889	in_stock
HRANA01	890	in_stock
HRANA01	891	in_stock
HRANA01	892	in_stock
HRANA01	893	in_stock
HRANA01	894	in_stock
HRANA01	895	in_stock
HRANA01	896	in_stock
HRANA01	897	in_stock
HRANA01	901	in_stock
HRANA01	902	in_stock
HRANA01	903	in_stock
HRANA01	904	in_stock
HRANA01	906	in_stock
HRANA01	907	in_stock
HRANA01	912	in_stock
HRANA01	913	in_stock
HRANA01	915	in_stock
HRANA01	924	in_stock
HRANA01	927	in_stock
HRANA01	928	in_stock
HRANA01	929	in_stock
HRANA01	93	in_stock
HRANA01	932	in_stock
HRANA01	933	in_stock
HRANA01	934	in_stock
HRANA01	935	in_stock
HRANA01	936	in_stock
HRANA01	937	in_stock
HRANA01	938	in_stock
HRANA01	939	in_stock
HRANA01	94	in_stock
HRANA01	940	in_stock
HRANA01	941	in_stock
HRANA01	942	in_stock
HRANA01	943	in_stock
HRANA01	944	in_stock
HRANA01	945	in_stock
HRANA01	946	in_stock
HRANA01	950	in_stock
HRANA01	951	in_stock
HRANA01	955	in_stock
HRANA01	956	in_stock
HRANA01	957	in_stock
HRANA01	958	in_stock
HRANA01	960	in_stock
HRANA01	961	in_stock
HRANA01	962	in_stock
HRANA01	963	in_stock
HRANA01	965	in_stock
HRANA01	968	in_stock
HRANA01	969	in_stock
HRANA01	970	in_stock
HRANA01	971	in_stock
HRANA01	972	in_stock
HRANA01	973	in_stock
HRANA01	974	in_stock
HRANA01	978	in_stock
HRANA01	980	in_stock
HRANA01	983	in_stock
HRANA01	984	in_stock
HRANA01	986	in_stock
HRANA01	987	in_stock
HRANA01	988	in_stock
HRANA01	99	in_stock
HRANA01	990	in_stock
HRANA01	991	in_stock
HRANA01	992	in_stock
HRANA01	994	in_stock
HRANA01	996	in_stock
HRANA01	999	in_stock
