id	image
100	https://hrana.s27.cdn-upgates.com/h/h67a35cab5fc6b-podlozka-a-krabicka-25th-vyroci-one-piece.png
1000	https://hrana.s27.cdn-upgates.com/l/l69947ec728e7a-db-vivid-alcove-flip-yellow-1.jpg
1001	https://hrana.s27.cdn-upgates.com/m/m69947fd78aa74-9128136-1.jpg
1002	https://hrana.s27.cdn-upgates.com/7/76994809cdd0d7-cd-dft-eternal-1.jpg
1005	https://hrana.s27.cdn-upgates.com/1/16995bfa436213-25754-tlama-games-obaly-na-karty-diamond-black-square-small-70x70-mm.webp
1006	https://hrana.s27.cdn-upgates.com/b/b6995c01c9de72-20666-1-tlama-games-obaly-na-karty-diamond-blue-european-standard-59x92-mm.webp
1007	https://hrana.s27.cdn-upgates.com/q/q6995c1597c76e-25721-tlama-games-obaly-na-karty-diamond-bronze-7-wonders-65x100-mm.webp
1008	https://hrana.s27.cdn-upgates.com/d/d6995c1b509492-25715-1-tlama-games-obaly-na-karty-diamond-fuchsia-french-tarot-61x112-mm.webp
1009	https://hrana.s27.cdn-upgates.com/u/u6995c230ae41b-25766-tlama-games-obaly-na-karty-diamond-gold-dixit-80x120-mm.webp
1011	https://hrana.s27.cdn-upgates.com/4/46995c42d2d4a3-37798-tlama-games-obaly-na-karty-diamond-grey-tiny-epic-88x125-mm.webp
1012	https://hrana.s27.cdn-upgates.com/w/w6995c4975c661-25670-1-tlama-games-obaly-na-karty-diamond-lime-scythe-70x110-mm.webp
1013	https://hrana.s27.cdn-upgates.com/r/r6995c4f63f6ed-20669-1-tlama-games-obaly-na-karty-diamond-orange-chimera-standard-57-5x89-mm.webp
1014	https://hrana.s27.cdn-upgates.com/a/a6995c55ad48bc-25727-tlama-games-obaly-na-karty-diamond-pink-tarot-70x120-mm.webp
1015	https://hrana.s27.cdn-upgates.com/u/u6995c5d60852c-20681-1-tlama-games-obaly-na-karty-diamond-purple-american-standard-56x87-mm.webp
1016	https://hrana.s27.cdn-upgates.com/u/u6995c63de4b7c-37780-tlama-games-obaly-na-karty-diamond-rainbow-catan-54x80-mm.webp
1017	https://hrana.s27.cdn-upgates.com/1/16995c6c42d5f9-20672-1-tlama-games-obaly-na-karty-diamond-red-chimera-mini-43x66-mm.webp
1018	https://hrana.s27.cdn-upgates.com/s/s6995c7338a76f-25676-tlama-games-obaly-na-karty-diamond-white-through-the-ages-50x75-mm.webp
1019	https://hrana.s27.cdn-upgates.com/r/r6995c7bd835f4-20675-1-tlama-games-obaly-na-karty-diamond-yellow-american-mini-41x63-mm.webp
102	https://hrana.s27.cdn-upgates.com/7/767a13ff68896c-dash1.png
1021	https://hrana.s27.cdn-upgates.com/i/i6996d6568cd24-bp-tmt-play-1.jpg
1022	https://hrana.s27.cdn-upgates.com/0/06996d79bf2499-dn-tmt-1.jpg
1023	https://hrana.s27.cdn-upgates.com/j/j6996d8631a51d-bb-tmt-collector-1.jpg
1024	https://hrana.s27.cdn-upgates.com/6/66996d656c574d-bp-tmt-collector-1.jpg
1025	https://hrana.s27.cdn-upgates.com/7/76996d9a47f1dc-bu-tmt-1.jpg
103	https://hrana.s27.cdn-upgates.com/3/367a13f95378c4-dori1.png
1031	https://hrana.s27.cdn-upgates.com/o/o6996e4efb78b9-pc02-thumb-en.webp
1036	https://hrana.s27.cdn-upgates.com/6/669a1451f3f7fb-cd-tmt-turtle-power-1.jpg
1038	https://hrana.s27.cdn-upgates.com/4/469a1488f698ad-ochranne-obaly-na-karty-one-piece-dracule-mihawk-official-card-sleeves-70-ks-640w.webp
104	https://hrana.s27.cdn-upgates.com/4/467a140488fe55-vynnset1.png
1040	https://hrana.s27.cdn-upgates.com/f/f69a1486fa7277-ochranne-obaly-na-karty-one-piece-hat-patterns-official-card-sleeves-70-ks-640w.webp
1041	https://hrana.s27.cdn-upgates.com/3/369a14949e7e37-sorcery-contested-realm-arthurian-legends-booster-display-en-24-packs.jpg
1042	https://hrana.s27.cdn-upgates.com/a/a69a14a5098db1-scral-1-grande.jpg
1044	https://hrana.s27.cdn-upgates.com/1/169a14bff31138-vivid-alcove-edge-deck-box-830439.webp
1048	https://hrana.s27.cdn-upgates.com/3/369a14ed0499bc-gg-sizemorph-divider-purple-0000-ax2ccrlrv.webp
1049	https://hrana.s27.cdn-upgates.com/9/969a15019a5da8-gg-sizemorph-divider-black-0000-dylhsaolh.webp
1050	https://hrana.s27.cdn-upgates.com/8/869a1507e53837-gg-sizemorph-divider-blue-0000-lvobkpent.webp
1051	https://hrana.s27.cdn-upgates.com/k/k69a150e294ef2-gg-sizemorph-divider-white-0000-wiyxps03v.webp
1052	https://hrana.s27.cdn-upgates.com/2/269a151269f83d-gg-sizemorph-divider-red-0000-ifuzqymu6.webp
1053	https://hrana.s27.cdn-upgates.com/9/969a1517dc4bf6-gg-sizemorph-divider-green-0000-1ea65je8o.webp
1054	https://hrana.s27.cdn-upgates.com/1/169a151b9f36c6-gg-sizemorph-divider-yellow-0000-up7itlqt2.webp
106	https://hrana.s27.cdn-upgates.com/i/i67a13eba94018-katsu1.png
1060	https://hrana.s27.cdn-upgates.com/u/u69a15760b508f-doubledeckholder-xl-v1-1-green-0006-wttmipg0o.webp
1061	https://hrana.s27.cdn-upgates.com/d/d69a157b223a29-doubledeckholder-xl-v1-1-white-0006-sejfdbwjc.webp
1062	https://hrana.s27.cdn-upgates.com/u/u69a15900580fd-9153016-1.jpg
1063	https://hrana.s27.cdn-upgates.com/5/569a159dda004f-9153015-1.jpg
1064	https://hrana.s27.cdn-upgates.com/p/p69a15a8a3d377-9153018-1.jpg
1065	https://hrana.s27.cdn-upgates.com/y/y69a15bc78842c-9153017-1.jpg
1066	https://hrana.s27.cdn-upgates.com/i/i69a15c529f142-9153014-1.jpg
1067	https://hrana.s27.cdn-upgates.com/5/569a15d93dd6a6-i3q3000p01-1000-1000.webp
1069	https://hrana.s27.cdn-upgates.com/l/l69a15e42e2e6a-16544-port-9pkt-pkm-pikachu-angle.webp
107	https://hrana.s27.cdn-upgates.com/k/k67a13e6bf18d9-azalea1.png
1070	https://hrana.s27.cdn-upgates.com/6/669a15f61e6126-ultra-pro-pikachu-playmat-for-pokemon.jpg
1072	https://hrana.s27.cdn-upgates.com/g/g69a161463ae35-ugd010898.webp
1073	https://hrana.s27.cdn-upgates.com/7/769a16197ea6e9-ugd010111.webp
1074	https://hrana.s27.cdn-upgates.com/t/t69a1625cdf2a2-292662-x-ecl-scrmat14.webp
1075	https://hrana.s27.cdn-upgates.com/b/b69a1639d5415d-scrb1-10254.webp
1076	https://hrana.s27.cdn-upgates.com/s/s69a163fb134d0-98828-0.webp
1081	https://hrana.s27.cdn-upgates.com/y/y69b6ca46961bb-682301-in-1000x1000.jpg
1082	https://hrana.s27.cdn-upgates.com/s/s69b6cb3753ad3-682302-in-1000x1000.jpg
1084	https://hrana.s27.cdn-upgates.com/n/n69b6cd103d571-yedodsvy4pbdiubhtwsx.jpg
1086	https://hrana.s27.cdn-upgates.com/j/j69b6ce5189d41-gamers-guild-az-yu-gi-oh-yu-gi-oh-blazing-dominion-booster-display-pre-order-southern-hobby-1212129538.jpg
1087	https://hrana.s27.cdn-upgates.com/h/h69b6d01a96418-at-13002-ds100-outer-4oysgirq.webp
1088	https://hrana.s27.cdn-upgates.com/v/v69b6d0d839ab0-bb-play-otj-1.jpg
109	https://hrana.s27.cdn-upgates.com/g/g67a13dffc1cbd-emperor1.png
1091	https://hrana.s27.cdn-upgates.com/u/u69b6d37d0afeb-9151804-2.jpg
1092	https://hrana.s27.cdn-upgates.com/2/269b6d407c71b0-9151805-2.jpg
1093	https://hrana.s27.cdn-upgates.com/3/369b6d4bf0fb7a-9151806-2.jpg
1094	https://hrana.s27.cdn-upgates.com/g/g69b6d526e5df8-9151807-2.jpg
1096	https://hrana.s27.cdn-upgates.com/a/a69b6d6b95cb12-9151855-1.jpg
1097	https://hrana.s27.cdn-upgates.com/l/l69b6d760c39ab-9151816-1.jpg
1098	https://hrana.s27.cdn-upgates.com/i/i69b6d7eb50607-9151809-2.jpg
110	https://hrana.s27.cdn-upgates.com/f/f67a13d9c72537-miragai1.png
1102	https://hrana.s27.cdn-upgates.com/c/c69b6d97573631-9151818-1.jpg
1103	https://hrana.s27.cdn-upgates.com/r/r69b6d9f295707-9151817-1.jpg
1104	https://hrana.s27.cdn-upgates.com/g/g69b6d6b900c13-9151855-3.jpg
1106	https://hrana.s27.cdn-upgates.com/6/669b852b824c5d-cd-mh3-graveyard-1.jpg
1108	https://hrana.s27.cdn-upgates.com/7/769b853d72bbd9-cd-mh3-tricky-1.jpg
1109	https://hrana.s27.cdn-upgates.com/h/h69b8548f5feae-cd-mh3-creative-1.jpg
111	https://hrana.s27.cdn-upgates.com/9/967a13c7e55306-fai1.png
112	https://hrana.s27.cdn-upgates.com/j/j67a13cf99b62d-prism1.png
1123	https://hrana.s27.cdn-upgates.com/v/v69c161306bdfb-adventure-on-kami-s-island-booster-box-display-940x-2x.webp
1124	https://hrana.s27.cdn-upgates.com/e/e69c19e0fc8271-415415-karetni-hra-flesh-and-blood-tcg-super-slam-prerelease-kit-900w.webp
1125	https://hrana.s27.cdn-upgates.com/4/469c19f9dc9fef-tp-tmt-prerelease-1.jpg
113	https://hrana.s27.cdn-upgates.com/x/x67a13d541bf30-lexi1.png
1141	https://hrana.s27.cdn-upgates.com/u/u69cd33b3a40ba-yu-gi-oh-rarity-collection-5-booster-pack-69c3e8854cc36.jpg
1147	https://hrana.s27.cdn-upgates.com/m/m69d76369b4206-lotr-trick-taking-game-two-towers-odlo05-vizualizace.webp
1148	https://hrana.s27.cdn-upgates.com/m/m69d764bb4c941-krecci-v-siti-vizualizace.webp
1149	https://hrana.s27.cdn-upgates.com/d/d69d7661530409-png-300-dpi-dobflcz07czsk-box3d-20260217.webp
1150	https://hrana.s27.cdn-upgates.com/k/k69d7671d36e5f-dole-v-dole-vizualizace.webp
1151	https://hrana.s27.cdn-upgates.com/c/c69d768247fdd1-png-300-dpi-zygpun0101ml1-box3d-20251027.webp
1154	https://hrana.s27.cdn-upgates.com/s/s69dd04c354e0c-bb-play-blb-1.jpg
1155	https://hrana.s27.cdn-upgates.com/1/169dd05b2284a2-100-ultra-pro-regular-toploaders-and-sleeves.webp
1156	https://hrana.s27.cdn-upgates.com/q/q69dd06a70303d-kmc-standard-sleeves-character-sleeve-guard-super-hard-60-sleeves.jpg
1158	https://hrana.s27.cdn-upgates.com/m/m69dd2cad48a51-uvsrb03bd01-box-800x800.webp
1159	https://hrana.s27.cdn-upgates.com/z/z69dd2ce5d6b9c-uvsrb03pd01-800x800.webp
116	https://hrana.s27.cdn-upgates.com/x/x67ed5a09a911c-88427f84e951f81617caf8db3653068b-battledroids1.webp
1160	https://hrana.s27.cdn-upgates.com/3/369dd2d1c7ea46-uvsrb03pd02-800x800.webp
1166	https://hrana.s27.cdn-upgates.com/d/d69e4ac9091b04-img-item02.webp
1167	https://hrana.s27.cdn-upgates.com/4/469e4ac8fd48c9-img-item03.webp
1168	https://hrana.s27.cdn-upgates.com/g/g69e4ae946759a-e2cqo-large.webp
1169	https://hrana.s27.cdn-upgates.com/7/769e8cd0b060e0-gundam-cg-eternal-nexus-booster-1.webp
117	https://hrana.s27.cdn-upgates.com/b/b67ed59c3a2da6-63857a10ffc470240401524cca8b2cd2-doubledeckpodyellow1.webp
1170	https://hrana.s27.cdn-upgates.com/t/t6a4d11f906c0c-2223-gundam-tcg-eternal-nexus-booster-box.webp
1171	https://hrana.s27.cdn-upgates.com/l/l69e8ce4e2b7f8-gundam-cg-generation-pulse-starter-deck-st10.webp
1174	https://hrana.s27.cdn-upgates.com/f/f69ef8998e564e-8c2uo-large.webp
1175	https://hrana.s27.cdn-upgates.com/h/h69ef8b040df6a-sorcery-contested-realm-booster-beta-edition.webp
1176	https://hrana.s27.cdn-upgates.com/d/d69ef850e04c26-gamegenic-smiseny-les-art-sleeves-jpg-big.jpg
1177	https://hrana.s27.cdn-upgates.com/d/d69ef85b2eae69-at-11061-ds100-matte-sparkles-pink-sapphire-box-left.webp
1178	https://hrana.s27.cdn-upgates.com/m/m69ef875777cab-at-11060-ds100-matte-yh801hd0.webp
1179	https://hrana.s27.cdn-upgates.com/o/o69ef87ca64952-at-11062-ds100-matte-sparkles-amazonite-box-left.webp
118	https://hrana.s27.cdn-upgates.com/8/867ed598955d72-32f00b51a2922c0bf746d0678f522f36-doubledeckpodwhiteblack1.webp
1185	https://hrana.s27.cdn-upgates.com/x/x69f1fb73b1e0f-9157094-1.jpg
1186	https://hrana.s27.cdn-upgates.com/o/o69f1fc2fed26e-9157097-1.jpg
1187	https://hrana.s27.cdn-upgates.com/5/569f1fd89de188-9157099-1.jpg
1188	https://hrana.s27.cdn-upgates.com/1/169f1fe4d13f4f-114545-3-69b97d04cc69c-pokemon-chaos-rising-booster-bundle-69ba5ddc40c92.webp
1189	https://hrana.s27.cdn-upgates.com/c/c69f1fef7d4942-441376-omens.webp
1192	https://hrana.s27.cdn-upgates.com/t/t69f7804be7aae-fg-box-left-com-cz.webp
1193	https://hrana.s27.cdn-upgates.com/q/q69f78118181cc-49503-desitka-minirozsireni-priroda-titulka-01-1.webp
1194	https://hrana.s27.cdn-upgates.com/4/469f781cdd0945-69641-desitka-veda-rozsireni.webp
1195	https://hrana.s27.cdn-upgates.com/e/e69f78246d95ac-42004-mindok-desitka-jidlo-a-piti-rozsireni.webp
1196	https://hrana.s27.cdn-upgates.com/6/669f782af06505-42001-mindok-desitka-cestovani-rozsireni.webp
1197	https://hrana.s27.cdn-upgates.com/y/y69f783c1846d5-armorydeckzyggy-1024x.webp
120	https://hrana.s27.cdn-upgates.com/j/j67a13b8ee683b-gg-swh-art-sleeves-obi-wan-kenobi-0003.jpg
1201	https://hrana.s27.cdn-upgates.com/d/d6a01eadfdc687-9150700-1.jpg
1203	https://hrana.s27.cdn-upgates.com/m/m6a01ebf2e3e1a-9150698-1.jpg
1204	https://hrana.s27.cdn-upgates.com/c/c6a01ec1df095a-9150697-1.jpg
1205	https://hrana.s27.cdn-upgates.com/8/86a01ecaa3a1c5-9150705-1.jpg
1207	https://hrana.s27.cdn-upgates.com/7/76a01ed6769f6f-9150706-1.jpg
121	https://hrana.s27.cdn-upgates.com/f/f67a13b755d08f-gg-swh-art-sleeves-general-grievous-0003.jpg
1210	https://hrana.s27.cdn-upgates.com/k/k6a01eeae28fd4-obaly-na-karty-dragon-shield-635-x-88-mm-matne-pruhledne-63be6023e122c-1000x1000.webp
1211	https://hrana.s27.cdn-upgates.com/9/96a01ef2d6682c-doubledeckholder-xl-v1-1-black-0006-fozgveyaq.webp
1212	https://hrana.s27.cdn-upgates.com/0/06a01efdcefb81-9151752-1.jpg
1215	https://hrana.s27.cdn-upgates.com/c/c6a01f248423fa-138320-0.jpeg
1216	https://hrana.s27.cdn-upgates.com/z/z6a01f2e9b5a92-138309-0.jpeg
1217	https://hrana.s27.cdn-upgates.com/a/a6a01f358c0e0f-138317-0.jpeg
1218	https://hrana.s27.cdn-upgates.com/4/46a01f3b216b2e-138312-0.jpeg
1219	https://hrana.s27.cdn-upgates.com/v/v6a01f52f0ed44-135813-0.webp
122	https://hrana.s27.cdn-upgates.com/9/967ed5919b5c61-f4567b6fb861d91aefdfd708403869fe-doubledeckpodgreen1.webp
1220	https://hrana.s27.cdn-upgates.com/0/06a01f5231c9a3-135814-0.webp
1221	https://hrana.s27.cdn-upgates.com/2/26a01f5ae3c1dc-135815-0.webp
1224	https://hrana.s27.cdn-upgates.com/q/q6a04243055d41-0007871-24208-dark-side-a-jpg.jpeg
1225	https://hrana.s27.cdn-upgates.com/m/m6a0424b5bd326-0007905-24603-sunrise-a-jpg.jpeg
1226	https://hrana.s27.cdn-upgates.com/l/l6a04253113f82-0007875-24403-sunrise-a-jpg.jpeg
1227	https://hrana.s27.cdn-upgates.com/5/56a0425c7590a4-0007854-24203-sunrise-a-jpg.jpeg
1228	https://hrana.s27.cdn-upgates.com/9/96a04264f0301a-0007867-24205-deep-forest-a-jpg.jpeg
1229	https://hrana.s27.cdn-upgates.com/f/f6a0427ab72a74-0007914-24608-dark-side-a-jpg.jpeg
123	https://hrana.s27.cdn-upgates.com/4/467ed58d9c84a4-5c9dc5189e1b135d33a5e456a7a826cd-doublesleevingspacered1.webp
1230	https://hrana.s27.cdn-upgates.com/f/f6a042750b28e1-0007858-24609-breezy-a-jpg.jpeg
1231	https://hrana.s27.cdn-upgates.com/o/o6a0427f3995d6-0007908-brush-deep-forestgold-16mm-d6-dice-block-12-dice.jpeg
1232	https://hrana.s27.cdn-upgates.com/1/16a042899c2d19-brush-wavebreak-gold-set-of-ten-d10s.webp
1233	https://hrana.s27.cdn-upgates.com/x/x6a042a65cca9f-0007912-24606-wavebreak-b-jpg.jpeg
1234	https://hrana.s27.cdn-upgates.com/b/b6a042adc2dbba-51153-1-sada-7-kostek-mramorova-modro-bila-zlata.webp
1235	https://hrana.s27.cdn-upgates.com/p/p6a042e6ae5d5c-138314-0.jpeg
1236	https://hrana.s27.cdn-upgates.com/9/96a042f2cc4ab5-698f52405ca07-karetni-hra-yu-gi-oh-maze-of-muertos-booster-698f575191a27.webp
1238	https://hrana.s27.cdn-upgates.com/4/46a04308c485fb-img-item03-1.webp
124	https://hrana.s27.cdn-upgates.com/i/i67ed58a14104f-7949f90fddf71f9646a072870aaff074-doubledeckpodred1.webp
1240	https://hrana.s27.cdn-upgates.com/0/06a0430d558175-img-item04-1.webp
1245	https://hrana.s27.cdn-upgates.com/l/l6a0dbb00b6c6b-img-item02-2.webp
1247	https://hrana.s27.cdn-upgates.com/7/76a0dbca101837-7244-4-x-ugd010896.webp
125	https://hrana.s27.cdn-upgates.com/o/o67a13a1303baf-gg-swh-playmats-set-3-speeder-biker-0000.jpg
1251	https://hrana.s27.cdn-upgates.com/2/26a15e466628a1-dobble-sport-3.jpg
1252	https://hrana.s27.cdn-upgates.com/w/w6a15e4ab878fb-87442-3-dobble-spider-man-1.webp
1254	https://hrana.s27.cdn-upgates.com/1/16a1857b580f02-9151783-1-1.jpg
1255	https://hrana.s27.cdn-upgates.com/o/o6a18580a69d74-9151785-1.jpg
1256	https://hrana.s27.cdn-upgates.com/h/h6a185865d154f-9151801-1.jpg
1257	https://hrana.s27.cdn-upgates.com/6/66a18594427f9b-9151800-1.jpg
1258	https://hrana.s27.cdn-upgates.com/m/m6a18599cdfc09-9151784-1.jpg
1259	https://hrana.s27.cdn-upgates.com/i/i6a1859ff64b5a-9151795-1-1.jpg
126	https://hrana.s27.cdn-upgates.com/8/867a1397bf3d1e-gg-swh-playmats-yoda-0000.jpg
1260	https://hrana.s27.cdn-upgates.com/n/n6a185a68c40f8-9151843-1.jpg
1261	https://hrana.s27.cdn-upgates.com/6/66a185ba20e93d-9151846-1.jpg
1262	https://hrana.s27.cdn-upgates.com/7/76a185c1a41af4-9151847-1.jpg
1263	https://hrana.s27.cdn-upgates.com/j/j6a185a6882b0b-9151843-2.jpg
1264	https://hrana.s27.cdn-upgates.com/7/76a185cd9128cc-9151796-1.jpg
1265	https://hrana.s27.cdn-upgates.com/c/c6a185c19a05c6-9151847-4.jpg
1266	https://hrana.s27.cdn-upgates.com/o/o6a185d8f53fd6-9151791-1.jpg
1267	https://hrana.s27.cdn-upgates.com/e/e6a185e1d6f599-9151794-1.jpg
1268	https://hrana.s27.cdn-upgates.com/u/u6a185e687b9cd-9151792-1.jpg
1269	https://hrana.s27.cdn-upgates.com/r/r6a185eb50fc24-9151793-1.jpg
127	https://hrana.s27.cdn-upgates.com/t/t67a138eb9ccbb-gg-swu-doubledeckpod-blue-0000.jpg
128	https://hrana.s27.cdn-upgates.com/n/n67a1394dd3d8b-gg-swh-playmats-ser-3-darth-maul-0000.jpg
1280	https://hrana.s27.cdn-upgates.com/s/s6a1ef6af0fa98-69d76d93df5ed-plechovka-pokemon-mega-moonlight-tin-mega-gengar-ex-69d76f4be9436.webp
1281	https://hrana.s27.cdn-upgates.com/u/u6a1ef75e8426d-69d77bfccb2f7-plechovka-pokemon-mega-moonlight-tin-mega-clefable-ex-69d77d67da7e0.webp
1282	https://hrana.s27.cdn-upgates.com/r/r6a1ef7f075e2e-69d66dbb2c8a5-pokemon-first-partner-illustration-collection-series-2-69d745e5e2d3f.webp
1283	https://hrana.s27.cdn-upgates.com/j/j6a1ef843b4a16-bb-play-fdn-1.jpg
1285	https://hrana.s27.cdn-upgates.com/d/d6a1ef99f4d50b-at-16178-fb100-matte-art-iyslander-elemental-wizard-box-right.webp
1286	https://hrana.s27.cdn-upgates.com/s/s6a1efa4286803-2026-05-29-01.webp
1287	https://hrana.s27.cdn-upgates.com/i/i6a24709e9b346-at-12133-ds100-brushed-art-the-snortle-box-right.webp
1288	https://hrana.s27.cdn-upgates.com/0/06a2471409acb3-at-12132-ds100-brushed-art-the-dragowlis-box-right.webp
1289	https://hrana.s27.cdn-upgates.com/t/t6a24723dc2639-at-19001-ds-strongbox-clear-package-front.webp
129	https://hrana.s27.cdn-upgates.com/5/567a13b57af213-gg-swh-art-sleeves-ahsoka-0003.jpg
1290	https://hrana.s27.cdn-upgates.com/0/06a2472b17b1df-at-19002-ds-strongbox-clear-black-package-front.webp
1291	https://hrana.s27.cdn-upgates.com/b/b6a2472fe6e5a1-at-19005-ds-strongbox-clear-blue-package-front.webp
1292	https://hrana.s27.cdn-upgates.com/0/06a24735f0276b-at-19006-ds-strongbox-clear-green-package-front.webp
1293	https://hrana.s27.cdn-upgates.com/1/16a2473a386a97-at-19004-ds-strongbox-clear-purple-package-front.webp
1294	https://hrana.s27.cdn-upgates.com/4/46a2473e9cfb45-at-19003-ds-strongbox-clear-red-package-front.webp
1295	https://hrana.s27.cdn-upgates.com/t/t6a28368a7b292-pokemon-tcg-lumiose-city-mini-tin-6a21584f819e3-1000x1000.webp
1296	https://hrana.s27.cdn-upgates.com/g/g6a283742684fa-444724-karetni-hra-pokemon-tcg-meganium-lumiose-city-mini-tin-900w.webp
1297	https://hrana.s27.cdn-upgates.com/w/w6a2837ba49d40-pokemon-tcg-lumiose-city-mini-tin-emboar.jpg
1298	https://hrana.s27.cdn-upgates.com/s/s6a2838005d7a6-pokemon-tcg-lumiose-city-mini-tin-feraligatr.jpg
1299	https://hrana.s27.cdn-upgates.com/m/m6a28383abd3e4-pokemon-tcg-lumiose-city-mini-tin-gallade.jpg
130	https://hrana.s27.cdn-upgates.com/k/k67a139a021629-gg-softcrate-obiwan-darthmaul-0000.jpg
1300	https://hrana.s27.cdn-upgates.com/2/26a2838ebb9722-444700-gravy.webp
1301	https://hrana.s27.cdn-upgates.com/n/n6a28396485d90-flesh-and-blood-tcg-silver-age-chapter-3-briar-deck.jpg
1302	https://hrana.s27.cdn-upgates.com/m/m6a2839b730e0c-444703-boltyn.webp
1303	https://hrana.s27.cdn-upgates.com/p/p6a283a0370f28-444709-lyath.webp
1304	https://hrana.s27.cdn-upgates.com/u/u6a283a71c2751-444697-blaze.webp
1309	https://hrana.s27.cdn-upgates.com/l/l6a324a27017e2-img-item03.webp
1310	https://hrana.s27.cdn-upgates.com/o/o6a324a30cb4d7-img-item04.webp
1315	https://hrana.s27.cdn-upgates.com/p/p6a32e3c99b6a5-444691-yugioh-battles-of-legend-glorious-gallery-booster-display-englisch.webp
1316	https://hrana.s27.cdn-upgates.com/6/66a32e41e8d0e8-karty-yu-gi-oh-battles-of-legend-glorious-gallery-booster-balicek-6a1e9925a68a3.jpg
1317	https://hrana.s27.cdn-upgates.com/d/d6a34f2659a4ff-114515-pkm-2q26-mega-lucario-ex.webp
1318	https://hrana.s27.cdn-upgates.com/z/z6a363f63a9aec-9161795-1.jpg
132	https://hrana.s27.cdn-upgates.com/s/s67a139f476343-gg-softcrate-ahsoka-general-grievous-0000.jpg
1320	https://hrana.s27.cdn-upgates.com/f/f6a3640dd966a4-9161796-1.jpg
1321	https://hrana.s27.cdn-upgates.com/a/a6a364196ddb44-pokemon-world-championships-deck-2025-jose-cruz-galindo-resendiz-dragapult-ex.jpeg
1322	https://hrana.s27.cdn-upgates.com/t/t6a3643d752f38-at-20534-ds-playmat-the-snortle-flat.webp
1323	https://hrana.s27.cdn-upgates.com/l/l6a3644bf418b7-at-20533-ds-playmat-the-dragowlis-flat.webp
1324	https://hrana.s27.cdn-upgates.com/3/36a3e264946b2e-sobre-naruto-mythos-tcg-2nd-edition-ingles.webp
1325	https://hrana.s27.cdn-upgates.com/5/56a3e26586d000-narutomythostcg1stsetsecoundeditionboosterbox.webp
1326	https://hrana.s27.cdn-upgates.com/s/s6a3abb115ec74-obaly-ultimate-guard-red-1-5ed8d54347c1d.jpg
1327	https://hrana.s27.cdn-upgates.com/2/26a3abb8f47b8a-ultimate-guard-katana-sleeves-standard-velikost-tr-0-jpg-big.jpg
1328	https://hrana.s27.cdn-upgates.com/7/76a3abbf1ea77a-y1of000p01-1000-1000.webp
1329	https://hrana.s27.cdn-upgates.com/l/l6a3abc9807b79-235706-2-x-ugd010351-b.webp
133	https://hrana.s27.cdn-upgates.com/g/g67a13b3e10a88-gg-swh-art-sleeves-darth-maul-0003.jpg
1332	https://hrana.s27.cdn-upgates.com/y/y6a4cacfaa9cd8-mana-7-plains-standard-gaming-playmat-for-magic-the-gathering-143576.webp
1336	https://hrana.s27.cdn-upgates.com/3/36a4caa5c85bc3-cd-ltr-1-1.jpg
1337	https://hrana.s27.cdn-upgates.com/8/86a4cad144dd71-mana-7-mountain-standard-gaming-playmat-for-magic-the-gathering-145576.webp
1338	https://hrana.s27.cdn-upgates.com/e/e6a4cac9b10603-mana-7-island-standard-gaming-playmat-for-magic-the-gathering-348919.webp
1339	https://hrana.s27.cdn-upgates.com/5/56a4cad476c0c5-mana-7-color-wheel-standard-gaming-playmat-for-magic-the-gathering-468361.webp
134	https://hrana.s27.cdn-upgates.com/l/l67ed578155d4b-48f54e7cfe2a18f265517a6e05b7f90a-gg-swh-playmats-set-2-rancor-0000.webp
1340	https://hrana.s27.cdn-upgates.com/2/26a4cadf03b920-mana-7-forest-standard-gaming-playmat-for-magic-the-gathering-818068.webp
1341	https://hrana.s27.cdn-upgates.com/j/j6a4caf15e9779-album-karet-pro-binder-eclipse-forest-green-a4.jpeg
1342	https://hrana.s27.cdn-upgates.com/i/i6a4cb26b24353-riftbound-league-of-legends-tcg-vendetta-booster-pack.webp
1343	https://hrana.s27.cdn-upgates.com/z/z6a4cb36594318-riftboundvendettabooster-800x.webp
1344	https://hrana.s27.cdn-upgates.com/z/z6a4cb457363af-karetni-hra-riftbound-tcg-vendetta-vault-425-1280w.webp
1345	https://hrana.s27.cdn-upgates.com/7/76a4cb4d089534-karetni-hra-riftbound-tcg-vendetta-zed-vs-shen-showdown-deck-1920w.webp
1346	https://hrana.s27.cdn-upgates.com/q/q6a4d02c1b59f1-9161610-1.jpg
1347	https://hrana.s27.cdn-upgates.com/7/76a4d02c29ce4c-9161610-6.jpg
1348	https://hrana.s27.cdn-upgates.com/4/46a4d048754ca3-9161612-1.jpg
1349	https://hrana.s27.cdn-upgates.com/3/36a4d05b6e8846-69fb4c6968808-pokemon-pitch-black-booster-bundle-69fb4f4bbaa47.webp
135	https://hrana.s27.cdn-upgates.com/s/s67ed57409d5af-3eb9f1cfb69fa97a04925da99bbc5db3-gg-swh-softcrate-rey-kylo-ren-0000.webp
1351	https://hrana.s27.cdn-upgates.com/v/v6a4f787312fa1-9151787-2.jpg
1352	https://hrana.s27.cdn-upgates.com/c/c6a4f796e881d8-9151789-2.jpg
1353	https://hrana.s27.cdn-upgates.com/n/n6a4f790d69f50-9151790-2.jpg
1354	https://hrana.s27.cdn-upgates.com/z/z6a4f7b8a4b251-9151788-2.jpg
1355	https://hrana.s27.cdn-upgates.com/z/z6a4f7c8ba8d7d-9161607-1.jpg
1356	https://hrana.s27.cdn-upgates.com/0/06a4f7d97ab1a2-9h5hf-large.webp
1357	https://hrana.s27.cdn-upgates.com/n/n6a4f7e1d4b17b-xt53z-large.webp
1358	https://hrana.s27.cdn-upgates.com/i/i6a4f7f2e3d974-9161799-1.jpg
1359	https://hrana.s27.cdn-upgates.com/x/x6a4f7fbc192f6-81126.jpg
136	https://hrana.s27.cdn-upgates.com/l/l67ed56f721fa1-91a7e5c0122f559cedd9961bf6ccd00e-gg-swh-softcrate-mandalorian-moff-gideon-0000.webp
1361	https://hrana.s27.cdn-upgates.com/d/d6a4f8136366d3-chaos-origins-booster.webp
1362	https://hrana.s27.cdn-upgates.com/f/f6a4f81c96286c-gundam-cg-freedom-ascension-booster.webp
1363	https://hrana.s27.cdn-upgates.com/f/f6a4f826fa25c8-gundam-cg-freedom-ascension-booster-box.webp
1364	https://hrana.s27.cdn-upgates.com/g/g6a551a11f3115-118622-1-sada-7-kostek-chessex-brush-breezy-blue-24409-2.webp
1365	https://hrana.s27.cdn-upgates.com/9/96a551a69e41d9-118616-1-sada-7-kostek-chessex-brush-paintball-green-24414-2.webp
1366	https://hrana.s27.cdn-upgates.com/o/o6a551b2771083-118628-sada-7-kostek-chessex-brush-dark-side-blue-24408.webp
1367	https://hrana.s27.cdn-upgates.com/t/t6a551cdb787ba-mana-7-swamp-standard-gaming-playmat-for-magic-the-gathering-557468.webp
1369	https://hrana.s27.cdn-upgates.com/l/l6a5e6419cce21-6a44c1616ae47-pokemon-karty-etb-30th-celebration-elite-trainer-box-6a44c585c472b.webp
137	https://hrana.s27.cdn-upgates.com/n/n67ed56af29e30-0783c6ccad64af5a0b07b5823f054f93-doubledeckpodblack1.webp
1370	https://hrana.s27.cdn-upgates.com/2/26a5e6fb820eb1-6a45265c3eac4-tcg-pokemon-karty-30th-celebration-booster-bundle-6a452838cb975-2.webp
1371	https://hrana.s27.cdn-upgates.com/e/e6a5e641931691-pokemon-karty-30th-celebration-booster-balicek-6a44c5d1ad646.jpg
1376	https://hrana.s27.cdn-upgates.com/l/l6a5fa0a36e5d9-bp-play-mh3-1.jpg
1377	https://hrana.s27.cdn-upgates.com/s/s6a5fa11feac60-bb-play-mh3-1.jpg
1378	https://hrana.s27.cdn-upgates.com/p/p6a5fa1ffb0944-ocg2501-packaging-boosterbox-3d-v1-800x.webp
1379	https://hrana.s27.cdn-upgates.com/p/p6a5fa1ff83328-ocg2506-birbs-pengu-boosterpack-front-mockup1-800x.webp
1380	https://hrana.s27.cdn-upgates.com/a/a6a5fc2f5884a8-6a460832c8cf6-tcg-pokemon-album-30th-celebration-binder-collection-6a4608fcecf59-1.webp
1388	https://hrana.s27.cdn-upgates.com/p/p6a607457d8ef1-ugd011946-0006-solo-1200x711.webp
1389	https://hrana.s27.cdn-upgates.com/7/76a6074c4126c7-ugd011947-0006-solo-1200x711.webp
139	https://hrana.s27.cdn-upgates.com/q/q67a13a9057e1c-gg-swu-deckpod-blue-0004.jpg
1390	https://hrana.s27.cdn-upgates.com/2/26a6075224ad2d-ugd011948-0006-solo-1200x711.webp
1395	https://hrana.s27.cdn-upgates.com/m/m6a65fe1324b19-6a4533d6e145e-tcg-pokemon-karty-30th-celebration-day-and-night-mini-tin-espeon-6a45356dd7e1e-1.webp
1396	https://hrana.s27.cdn-upgates.com/5/56a65fec41e75a-6a4684eb9b714-tcg-pokemon-karty-30th-celebration-day-and-night-mini-tin-mew-6a46857a45d16-1.webp
1397	https://hrana.s27.cdn-upgates.com/g/g6a65fe9de6cd5-6a46834ed85fd-tcg-pokemon-karty-30th-celebration-day-and-night-mini-tin-pikachu-6a46846d19e98-1.webp
1398	https://hrana.s27.cdn-upgates.com/h/h6a65ff39f29d5-6a47502603a1e-tcg-pokemon-karty-30th-celebration-day-and-night-mini-tin-lapras-6a4751729b550.webp
1399	https://hrana.s27.cdn-upgates.com/v/v6a65ff6084258-6a47537d2bb24-tcg-pokemon-30th-celebration-day-and-night-mini-tin-moltres-6a47541e69a5f.webp
1400	https://hrana.s27.cdn-upgates.com/c/c6a65ff874320a-6a475541ab6cf-tcg-pokemon-30th-celebration-day-and-night-mini-tin-zapdos-6a4755cf8b14e.webp
1401	https://hrana.s27.cdn-upgates.com/u/u6a65ffb6dc764-6a4756bd0022e-tcg-pokemon-30th-celebration-day-and-night-mini-tin-umbreon-i-6a47575d3c452.webp
1402	https://hrana.s27.cdn-upgates.com/2/26a65ffef73c71-6a475834015b7-tcg-pokemon-30th-celebration-day-and-night-mini-tin-mewtwo-6a4758cd944fa.webp
1403	https://hrana.s27.cdn-upgates.com/k/k6a66001a05593-6a4758e9780dd-tcg-pokemon-30th-celebration-day-and-night-mini-tin-pikachu-a-toxtricity-i-6a476039b5e51.webp
1404	https://hrana.s27.cdn-upgates.com/3/36a66004344822-6a4761fb5e285-tcg-pokemon-30th-celebration-day-and-night-mini-tin-greninja-6a4763301cb91.webp
1405	https://hrana.s27.cdn-upgates.com/5/56a6a09de52c44-38233-obaly-na-karty-dragon-shield-perfect-fit-clear-clear-100ks.webp
1406	https://hrana.s27.cdn-upgates.com/5/56a6a09de52c44-38233-obaly-na-karty-dragon-shield-perfect-fit-clear-clear-100ks.webp
1407	https://hrana.s27.cdn-upgates.com/w/w6a6a0b7a6483e-obaly-na-karty-dragon-shield-63-x-88-mm-power-copper-matte-dual-sleeves-6a5a18fba0b46-1000x1000.webp
1408	https://hrana.s27.cdn-upgates.com/9/96a6a0b5b64926-obaly-na-karty-dragon-shield-63-x-88-mm-soul-petrol-matte-dual-sleeves-6a5a16fab4683-1000x1000.webp
1409	https://hrana.s27.cdn-upgates.com/9/96a6a0bc5e36db-obaly-na-karty-dragon-shield-63-x-88-mm-black-gold-matte-dual-sleeves-6a5a149f72c68-1000x1000.webp
141	https://hrana.s27.cdn-upgates.com/m/m67ed561b4ee72-e71129057d43e8f73e8f1b87661609f8-gg-swu-double-sleeving-pack-0000.webp
1410	https://hrana.s27.cdn-upgates.com/2/26a6a0c809ebc5-sada-sestistennych-kostek-pan-prstenu-mordor-10-ks-69b403d95efdb-1000x1000.webp
1411	https://hrana.s27.cdn-upgates.com/z/z6a6a0cfde7b6b-sada-sestistennych-kostek-pan-prstenu-rohan-10-ks-69b3f9a2bd4ba-1000x1000.webp
1412	https://hrana.s27.cdn-upgates.com/s/s6a6a0d73e35ad-sada-kostek-pan-prstenu-nositel-prstenu-full-print-69b8d095c0e2b-1000x1000.webp
1413	https://hrana.s27.cdn-upgates.com/a/a6a6a0dbad7571-sada-kostek-pan-prstenu-morie-69b403041dc96-1000x1000.webp
1414	https://hrana.s27.cdn-upgates.com/l/l6a6a0e3be50fe-vacek-na-kostky-pan-prstenu-kraj-69b90d0b5c745-1000x1000.webp
1415	https://hrana.s27.cdn-upgates.com/w/w6a6a0e966def8-sada-sestistennych-kostek-pan-prstenu-morie-10-ks-69b403317078a-1000x1000.webp
1416	https://hrana.s27.cdn-upgates.com/t/t6a6a0edfab37d-sada-kostek-pan-prstenu-gondor-69b400ba0a39c-1000x1000.webp
1417	https://hrana.s27.cdn-upgates.com/g/g6a6a0f3b08379-122675-1-sada-10-d6-kostek-the-lord-of-the-rings-rivendell-dice-set-stone.webp
1418	https://hrana.s27.cdn-upgates.com/s/s6a6a0fc28717c-sada-sestistennych-kostek-pan-prstenu-kraj-10-ks-69b404605620f-1000x1000.webp
1419	https://hrana.s27.cdn-upgates.com/4/46a6a104b93fb3-sada-sestistennych-kostek-pan-prstenu-gondor-10-ks-69b402b62d11f-1000x1000.webp
142	https://hrana.s27.cdn-upgates.com/0/067ed55e064e60-1e1566a17a92da10207f1b0e81e15ae1-deckpodyellow1.webp
1420	https://hrana.s27.cdn-upgates.com/5/56a6a109324993-sada-kostek-pan-prstenu-mordor-69b4037298876-1000x1000.webp
1421	https://hrana.s27.cdn-upgates.com/y/y6a6a10db958b2-vacek-na-kostky-pan-prstenu-mustek-69b90cd1b7d12-1000x1000.webp
1422	https://hrana.s27.cdn-upgates.com/n/n6a6a113ec81b5-sada-kostek-pan-prstenu-kraj-69b404359a5bf-1000x1000.webp
1423	https://hrana.s27.cdn-upgates.com/b/b6a6a124d4aafe-sada-kostek-pan-prstenu-rohan-69b2d1533b10c-1000x1000.webp
1424	https://hrana.s27.cdn-upgates.com/r/r6a6a12b00f3be-sada-kostek-pan-prstenu-roklinka-69b42af6c2d10-1000x1000.webp
1425	https://hrana.s27.cdn-upgates.com/b/b6a6a1314f15fb-vacek-na-kostky-pan-prstenu-nositel-prstenu-6a60a889c5ecc-1000x1000.webp
1426	https://hrana.s27.cdn-upgates.com/4/46a6a13839abab-vacek-na-kostky-pan-prstenu-prsten-moci-69b90d24513a7-1000x1000.webp
1427	https://hrana.s27.cdn-upgates.com/z/z6a6a13eecf7db-122681-1-sada-7-kostek-the-lord-of-the-rings-rivendell-dice-set-stone.webp
1428	https://hrana.s27.cdn-upgates.com/2/26a6a143b15ad8-kelimek-na-kostky-pan-prstenu-spolecenstvo-prstenu-69b8d095e542a-1000x1000.webp
1429	https://hrana.s27.cdn-upgates.com/x/x6a6a1482b42ec-sada-sestistennych-kostek-pan-prstenu-roklinka-10-ks-69b42b0f824af-1000x1000.webp
143	https://hrana.s27.cdn-upgates.com/5/567ed5590042ab-193d73f60cc24c41cce3819f3c14da6e-gg-swu-deckpod-white-0004.webp
1432	https://hrana.s27.cdn-upgates.com/a/a6a6a160e81387-gundam-card-game-deck-build-box-freedom-ascension-810199501383-1.jpg
1433	https://hrana.s27.cdn-upgates.com/f/f6a6b6bbf95675-5ed8dc4f63f62-obaly-ultimate-guard-precise-fit-5ed8dc6b8725b.webp
1434	https://hrana.s27.cdn-upgates.com/e/e6a6b6c3dcff0a-vacek-na-kostky-pan-prstenu-arwen-69b90cf1662f2-1000x1000.webp
1435	https://hrana.s27.cdn-upgates.com/p/p6a6b6c8a0e181-vacek-na-kostky-pan-prstenu-durinovy-dvere-69b90d3a84228-1000x1000.webp
1436	https://hrana.s27.cdn-upgates.com/6/66a6b6ccc41d8c-vacek-na-kostky-pan-prstenu-nazgul-69b90d5281e06-1000x1000.webp
1437	https://hrana.s27.cdn-upgates.com/h/h6a6daf63dc199-one-piece-green-roronoa-zoro-starter-deck-st-32.webp
1438	https://hrana.s27.cdn-upgates.com/4/46a6daf0c5a117-one-piece-red-monkey-d-luffy-starter-deck-st-31.webp
1439	https://hrana.s27.cdn-upgates.com/p/p6a6dab83c5b24-451934-one-piece-card-game-illustration-box-vol-8-en.webp
144	https://hrana.s27.cdn-upgates.com/3/367ed554ba0e97-c4823956c5c21484fff0f9b3c080b1e6-gg-swu-deckpod-green-0004.webp
1440	https://hrana.s27.cdn-upgates.com/5/56a6dac6b1534a-451931-one-piece-card-game-illustration-box-vol-7-en.webp
1441	https://hrana.s27.cdn-upgates.com/3/36a6dacd53ca49-451928-bez-nazvu.webp
1443	https://hrana.s27.cdn-upgates.com/a/a6a6daf522830f-one-piece-blue-kuzan-starter-deck-st-33.webp
1444	https://hrana.s27.cdn-upgates.com/q/q6a6daf1fd963e-one-piece-purple-charlotte-katakuri-starter-deck-st-34.webp
1445	https://hrana.s27.cdn-upgates.com/x/x6a6daf411cd9b-one-piece-red-black-sabo-starter-deck-st-33.webp
1446	https://hrana.s27.cdn-upgates.com/f/f6a6daf31822eb-rp4wb-large.webp
1449	https://hrana.s27.cdn-upgates.com/i/i6a721d585ce4b-one-piece-card-game-official-sleeves-store-edtion-vol-7-water-seven.webp
145	https://hrana.s27.cdn-upgates.com/x/x67ed54f7c4d53-krabicka-na-karty-gamegenic-star-wars-unlimited-deck-pod-red.webp
1450	https://hrana.s27.cdn-upgates.com/h/h6a721e1e406ed-one-piece-card-game-official-sleeves-store-edtion-vol-7-sky-island.webp
1451	https://hrana.s27.cdn-upgates.com/k/k6a721eeb53c02-6a6aed8797c26-obaly-na-karty-league-of-legends-vendetta-art-sleeves-jayce-vs-viktor-6a6aeea74f427.webp
1452	https://hrana.s27.cdn-upgates.com/d/d6a721fbe7bf98-6a6aeed256322-obaly-na-karty-league-of-legends-vendetta-art-sleeves-kayle-vs-morgana-6a6af008da925.webp
1453	https://hrana.s27.cdn-upgates.com/0/06a72210bf1235-6a6a5979ab1a6-obaly-na-karty-league-of-legends-vendetta-art-sleeves-diana-vs-leona-6a6a5b31e788a.webp
1454	https://hrana.s27.cdn-upgates.com/n/n6a72213a40b0a-6a6a4e43cae7b-obaly-na-karty-league-of-legends-vendetta-art-sleeves-vi-vs-jinx-6a6a4f3aa60e9.webp
1455	https://hrana.s27.cdn-upgates.com/8/86a72227414029-uvsrb04pm03-800x800.webp
1456	https://hrana.s27.cdn-upgates.com/h/h6a7222be04e45-uvsrb04pm04-800x800.webp
1457	https://hrana.s27.cdn-upgates.com/9/96a72230784567-uvsrb04pm02-800x800.webp
1458	https://hrana.s27.cdn-upgates.com/g/g6a72233dddee1-uvsrb04pm01-800x800.webp
1461	https://hrana.s27.cdn-upgates.com/s/s6a723a9556117-9159026-1.jpg
1462	https://hrana.s27.cdn-upgates.com/8/86a723b21c8bab-9159021-1.jpg
1463	https://hrana.s27.cdn-upgates.com/l/l6a723a94dd3b2-9159026-4.jpg
1464	https://hrana.s27.cdn-upgates.com/d/d6a723bf49b611-9159022-1.jpg
1468	https://hrana.s27.cdn-upgates.com/c/c6a723d6c04382-9159020-1.jpg
1469	https://hrana.s27.cdn-upgates.com/q/q6a723dc6bf476-9159024-1-1.jpg
1473	https://hrana.s27.cdn-upgates.com/b/b6a74961dae83d-pokemon-tcg-first-partner-illustration-collection-series-3-643026-22.png
1480	https://hrana.s27.cdn-upgates.com/g/g6a7c8eb81fa02-9166109-1.jpg
1481	https://hrana.s27.cdn-upgates.com/9/96a7c8f0c9f575-9166107-1.jpg
1482	https://hrana.s27.cdn-upgates.com/s/s6a7c8f6ab5413-9166100-1.jpg
1483	https://hrana.s27.cdn-upgates.com/h/h6a7c8fd08d049-9166104-1.jpg
1484	https://hrana.s27.cdn-upgates.com/4/46a7c902157f53-9166101-1.jpg
1485	https://hrana.s27.cdn-upgates.com/x/x6a7c9067b7c4d-9166102-1.jpg
1488	https://hrana.s27.cdn-upgates.com/d/d6a7dcc93934c4-gg-mtg-hob-bastion-80-smaug-the-golden-0012-wmik6jby1.jpg
1489	https://hrana.s27.cdn-upgates.com/m/m6a7dcd6566797-gg-mtg-hob-bastion-80-the-shire-0012-f3oyeqv1j.jpg
149	https://hrana.s27.cdn-upgates.com/b/b69a6b0edb6d7b-66daa0847d868-altered-tcg-beyond-the-gates-starter-deck-yzmir-66daa0a34620a.webp
1490	https://hrana.s27.cdn-upgates.com/u/u6a7dce345bb01-9166099-3.jpg
1491	https://hrana.s27.cdn-upgates.com/u/u6a7dcec228d7a-9169649-1.jpg
1492	https://hrana.s27.cdn-upgates.com/z/z6a7dd002b3a31-9169647-1.jpg
1493	https://hrana.s27.cdn-upgates.com/7/76a7dd1735a8fa-9169646-1.jpg
1494	https://hrana.s27.cdn-upgates.com/l/l6a7dd1cf07646-9166089-1.jpg
1495	https://hrana.s27.cdn-upgates.com/7/76a7dd267bc637-9169857-1.jpg
1496	https://hrana.s27.cdn-upgates.com/7/76a7dd3104de36-9166087-1.jpg
1497	https://hrana.s27.cdn-upgates.com/y/y6a7dd4555f1a6-9166088-1.jpg
1498	https://hrana.s27.cdn-upgates.com/r/r6a7dd7be7e86a-9166084-1.jpg
1499	https://hrana.s27.cdn-upgates.com/d/d6a7dd7048ec13-9166085-1.jpg
150	https://hrana.s27.cdn-upgates.com/w/w69a6b05f52db0-66daa053b4c06-altered-tcg-beyond-the-gates-starter-deck-ordis-66daa07038052.webp
1500	https://hrana.s27.cdn-upgates.com/u/u6a7dd81f88d45-9166086-1.jpg
1501	https://hrana.s27.cdn-upgates.com/f/f6a7dd8827a95a-9166110-1.jpg
1502	https://hrana.s27.cdn-upgates.com/e/e6a7dd8dc23c43-9166111-1.jpg
1503	https://hrana.s27.cdn-upgates.com/n/n6a7dd957714dd-9166078-1.jpg
1504	https://hrana.s27.cdn-upgates.com/v/v6a7dd9ac8bda1-9166108-1.jpg
1505	https://hrana.s27.cdn-upgates.com/w/w6a7dda021dcf4-9166105-1.jpg
1506	https://hrana.s27.cdn-upgates.com/8/86a7dda5a01f58-9166106-1.jpg
1508	https://hrana.s27.cdn-upgates.com/n/n6ac2aff15d833-b62d0d9e36da9a70adb68d8c16644038.webp
151	https://hrana.s27.cdn-upgates.com/6/669a6b090513c4-66daa0251ce9b-altered-tcg-beyond-the-gates-starter-deck-muna-66daa042e0cfa.webp
1510	https://hrana.s27.cdn-upgates.com/9/96a804a9057c31-9166120-1.jpg
1511	https://hrana.s27.cdn-upgates.com/v/v6a804b041d848-9166119-1.jpg
1512	https://hrana.s27.cdn-upgates.com/z/z6a804b7d78bc1-9166114-1.jpg
1513	https://hrana.s27.cdn-upgates.com/7/76a804bdf704eb-9166116-1.jpg
1514	https://hrana.s27.cdn-upgates.com/f/f6a804c599968e-9166117-1.jpg
1515	https://hrana.s27.cdn-upgates.com/x/x6a804cc714306-9166115-1.jpg
1516	https://hrana.s27.cdn-upgates.com/2/26a804d2ea44f1-9166118-1.jpg
1517	https://hrana.s27.cdn-upgates.com/8/86a805208e81bf-9166103-1.jpg
1518	https://hrana.s27.cdn-upgates.com/a/a6a8052f5e88b6-9166090-3.jpg
1519	https://hrana.s27.cdn-upgates.com/w/w6a805374d158b-9166096-3.jpg
152	https://hrana.s27.cdn-upgates.com/0/069a6b0c364acd-66da9fdd7d2d5-altered-tcg-beyond-the-gates-starter-deck-lyra-66daa008249b0.webp
1520	https://hrana.s27.cdn-upgates.com/j/j6a8053c565578-9166098-3.jpg
1521	https://hrana.s27.cdn-upgates.com/q/q6a8054243133b-9166097-3.jpg
1522	https://hrana.s27.cdn-upgates.com/g/g6a8054a0e453f-9166094-3.jpg
1523	https://hrana.s27.cdn-upgates.com/2/26a8054fec13c8-9166091-3.jpg
1524	https://hrana.s27.cdn-upgates.com/s/s6a8055568cb20-9166092-3.jpg
1525	https://hrana.s27.cdn-upgates.com/2/26a8055a9475b5-9166095-3.jpg
1526	https://hrana.s27.cdn-upgates.com/f/f6a8056007312a-9166093-3.jpg
1527	https://hrana.s27.cdn-upgates.com/1/16a80567c7671d-9166080-1.jpg
1528	https://hrana.s27.cdn-upgates.com/u/u6a8056e47a96d-9166081-1.jpg
153	https://hrana.s27.cdn-upgates.com/x/x69a6b02394468-66da9eee5a514-altered-tcg-beyond-the-gates-starter-deck-bravos-66da9f6f80012.webp
1530	https://hrana.s27.cdn-upgates.com/c/c6a870ddc80256-onepieceproductos-4.webp
1531	https://hrana.s27.cdn-upgates.com/z/z6a870db9b2be7-one-piece-op17-the-world-s-strongest-warrior-booster-550x550h.jpg
1532	https://hrana.s27.cdn-upgates.com/a/a6a870d6a00487-122975-1-one-piece-tcg-the-world-s-strongest-warriors-booster.webp
1536	https://hrana.s27.cdn-upgates.com/e/e6a9bfcc8e2cf2-curator-sleeves-masterpiece-series-sergio-chaves-4-smolder-100.webp
1537	https://hrana.s27.cdn-upgates.com/e/e6a9bfcae011ec-curator-sleeves-masterpiece-series-olga-tereshenko-1-revelation-100.webp
1538	https://hrana.s27.cdn-upgates.com/q/q6a9bfbdb8ccb9-snimek-obrazovky-2026-09-05-132324.png
1539	https://hrana.s27.cdn-upgates.com/6/66a9bfc7908b43-curator-sleeves-masterpiece-series-olga-tereshenko-4-silence-100.webp
154	https://hrana.s27.cdn-upgates.com/v/v69a6b1170869c-66da9d5a1e350-altered-tcg-beyond-the-gates-starter-deck-axiom-66da9e9193d22.webp
1540	https://hrana.s27.cdn-upgates.com/t/t6a9bfd7618add-curator-sleeves-masterpiece-series-olga-tereshenko-3-conduit-100.webp
1541	https://hrana.s27.cdn-upgates.com/e/e6a9bfdd58edbd-curator-sleeves-masterpiece-series-ninjajo-3-slumber-100.webp
1542	https://hrana.s27.cdn-upgates.com/t/t6a9bfe3328dee-curator-sleeves-palette-series-matcha-100.webp
1543	https://hrana.s27.cdn-upgates.com/d/d6a9bfe8ae7b8e-curator-sleeves-masterpiece-series-olga-tereshenko-2-essence-100.webp
1544	https://hrana.s27.cdn-upgates.com/g/g6a9bfef52bddc-curator-sleeves-masterpiece-series-ninjajo-4-echo-100.webp
1545	https://hrana.s27.cdn-upgates.com/t/t6a9bff50a73b7-curator-sleeves-masterpiece-series-sergio-chaves-2-currents-100.webp
1546	https://hrana.s27.cdn-upgates.com/z/z6a9bfffdc4572-picture.webp
1553	https://hrana.s27.cdn-upgates.com/x/x6a9c04cde1f71-karetni-hra-cyberpunk-tcg-welcome-to-night-city-starter-deck-the-heist-600w.png
1554	https://hrana.s27.cdn-upgates.com/i/i6a9c050015add-karetni-hra-cyberpunk-tcg-welcome-to-night-city-starter-deck-embracing-power-600w.png
1558	https://hrana.s27.cdn-upgates.com/q/q6aa177a489273-curator-sleeves-palette-series-noctura-100.webp
1559	https://hrana.s27.cdn-upgates.com/a/a6aa1795cd4fab-onb-al01-04-arcanelandscapes-thecaverns-mat01-aba-720x.webp
156	https://hrana.s27.cdn-upgates.com/h/h67ebdbfd1f2ef-flesh-and-blood-armory-deck-jarl.webp
1560	https://hrana.s27.cdn-upgates.com/w/w6aa178e01f405-onbarcanelands-themistss-mat01-aba-720x.webp
1561	https://hrana.s27.cdn-upgates.com/y/y6aa179116429d-onbarcanelands-theruins-mat01-aba-720x.webp
1562	https://hrana.s27.cdn-upgates.com/7/76aa17a74ace2d-onbarcanelands-themezzanines-mat01-aba-720x-1.webp
1563	https://hrana.s27.cdn-upgates.com/m/m6aa17b17ccebd-74117f2aad60f92e4403361af5bca85a.webp
1564	https://hrana.s27.cdn-upgates.com/c/c6aa17c1ee8ea8-onbcu0028-81778.webp
1565	https://hrana.s27.cdn-upgates.com/y/y6aa17c768f6b2-onb-cu0022-palette-sienna-720x.webp
1566	https://hrana.s27.cdn-upgates.com/u/u6aa27fd2d0807-ongcu0020-49560.webp
1567	https://hrana.s27.cdn-upgates.com/3/36aa28015f1ef1-ong0024-78103.webp
1569	https://hrana.s27.cdn-upgates.com/y/y6aa280cbea1eb-ong0023-13104.webp
1570	https://hrana.s27.cdn-upgates.com/n/n6aa281210eca1-ong0021-41553.webp
1571	https://hrana.s27.cdn-upgates.com/4/46aa2817822cdd-ong0012-06174.webp
1572	https://hrana.s27.cdn-upgates.com/0/06aa2826961948-ongcu0018-95700.webp
1573	https://hrana.s27.cdn-upgates.com/6/66aa282afe2a5e-ong0004-55628.webp
1574	https://hrana.s27.cdn-upgates.com/e/e6aa282f2f2c59-ong0014-07040.webp
1575	https://hrana.s27.cdn-upgates.com/6/66aa2834669fb8-ong0002-81048.webp
1576	https://hrana.s27.cdn-upgates.com/s/s6aa28392591c1-ong0001-07583.webp
1577	https://hrana.s27.cdn-upgates.com/d/d6aa283d3071a2-ong0003-33034.webp
1578	https://hrana.s27.cdn-upgates.com/q/q6aa28412971ed-ong0015-12999.webp
1580	https://hrana.s27.cdn-upgates.com/m/m6aa4383ef23f3-yu-gi-oh-magnificent-monsters-tuck-box.jpeg
1581	https://hrana.s27.cdn-upgates.com/t/t6aa43953404af-509500-at-33702-ds-fortress-vertical-2-card-drawers-white-closed-600x600.webp
1582	https://hrana.s27.cdn-upgates.com/1/16aa43a10e11da-ultra-pro-binder-eclipse-9p-white.jpg
1583	https://hrana.s27.cdn-upgates.com/2/26aa43a862e917-ultra-pro-binder-eclipse-9p-jet-black.jpg
1584	https://hrana.s27.cdn-upgates.com/m/m6aa43ae90f636-ultra-pro-binder-eclipse-9p-smoke-grey.jpg
1585	https://hrana.s27.cdn-upgates.com/l/l6aa43b8c29eae-ultrapro-12-pocket-eclipse-pro-binder-a4-album-royal-purple.jpeg
1586	https://hrana.s27.cdn-upgates.com/o/o6aa43bf7bd729-ultrapro-12-pocket-eclipse-pro-binder-a4-album-apple-red.jpeg
1587	https://hrana.s27.cdn-upgates.com/2/26aa43cae5ab0b-602858.jpg
1589	https://hrana.s27.cdn-upgates.com/y/y6aab7cc060980-img-item02-3.webp
1590	https://hrana.s27.cdn-upgates.com/3/36aab7d14380f4-img-item03-2.webp
1591	https://hrana.s27.cdn-upgates.com/l/l6aab7d3b74918-img-item04-2.webp
1592	https://hrana.s27.cdn-upgates.com/h/h6aab7d82819e6-img-item05-2.webp
1593	https://hrana.s27.cdn-upgates.com/j/j6aabe6a8ddff1-flesh-and-blood-usurp-the-shadow-throne-booster-case-4-boxes-booster-case-4-boxes-25021.jpg
1594	https://hrana.s27.cdn-upgates.com/z/z6aabe7517850c-flesh-amp-blood-tcg-usurp-the-shadow-throne-booster-display-24-packs-en.webp
1595	https://hrana.s27.cdn-upgates.com/2/26aabe79fad7dc-flesh-and-blood-usurp-the-shadow-throne-booster.webp
1596	https://hrana.s27.cdn-upgates.com/s/s6aabe83dae7cc-gundam-cg-heavy-dominion-starter-deck-st14.webp
1597	https://hrana.s27.cdn-upgates.com/r/r6aabe88298a94-gundam-cg-silent-barrage-starter-deck-st13.webp
1598	https://hrana.s27.cdn-upgates.com/8/86aabe901434c7-gundam-cg-raging-onslaught-starter-deck-st12.webp
1599	https://hrana.s27.cdn-upgates.com/f/f6aabe9fbb3944-gundam-cg-aquatic-assault-starter-deck-st11.webp
1600	https://hrana.s27.cdn-upgates.com/k/k6aae39f68d594-41396.webp
1601	https://hrana.s27.cdn-upgates.com/k/k6aae3a3a917b6-453797-greninja.webp
1602	https://hrana.s27.cdn-upgates.com/1/16aae3abaab5f8-135359-pokemon-tcg-30th-celebration-2-pack-blister.webp
1603	https://hrana.s27.cdn-upgates.com/8/86aae3afc9577e-135350-pokemon-tcg-30th-celebration-greninja-ex-box.webp
1604	https://hrana.s27.cdn-upgates.com/s/s6aae3b4271c07-135344-pokemon-tcg-30th-celebration-poster-collection.webp
1605	https://hrana.s27.cdn-upgates.com/7/76aae3b885f5b5-135353-pokemon-tcg-30th-celebration-sylveon-ex-box.webp
1607	https://hrana.s27.cdn-upgates.com/f/f6abf874f2fe32-en-ad-malice-mockup.webp
1611	https://hrana.s27.cdn-upgates.com/f/f6ab63446286c8-9159014-1.jpg
1612	https://hrana.s27.cdn-upgates.com/t/t6ab63532ee68d-9159011-1.jpg
1613	https://hrana.s27.cdn-upgates.com/v/v6ab6365667741-9159016-1.jpg
1614	https://hrana.s27.cdn-upgates.com/7/76ab6372270c94-9159015-1.jpg
1615	https://hrana.s27.cdn-upgates.com/z/z6ab638a267e8e-9159012-1.jpg
1616	https://hrana.s27.cdn-upgates.com/r/r6ab63445f1099-9159014-2.jpg
1617	https://hrana.s27.cdn-upgates.com/i/i6ab63a1c55dbf-9159017-3.jpg
162	https://hrana.s27.cdn-upgates.com/u/u67c4c94624870-fang.png
1620	https://hrana.s27.cdn-upgates.com/2/26ac0acd21127c-ugd010036-d-1167x1200.webp
1621	https://hrana.s27.cdn-upgates.com/8/86ac0b286ba9ca-ugd010038-d-1167x1200.webp
1622	https://hrana.s27.cdn-upgates.com/j/j6ac0b3438796d-ugd010043-d-1167x1200.webp
1623	https://hrana.s27.cdn-upgates.com/6/66ac0b41541ebf-ugd010045-d-1167x1200.webp
1624	https://hrana.s27.cdn-upgates.com/n/n6ac0b47765e42-ugd010049-d-1167x1200.webp
1625	https://hrana.s27.cdn-upgates.com/9/96ac0b4cd072b6-ugd010170-d-1167x1200.webp
1626	https://hrana.s27.cdn-upgates.com/c/c6ac0b5194dd08-ugd010175-d-1167x1200.webp
1627	https://hrana.s27.cdn-upgates.com/6/66ac0b583e173c-ugd010202-d-1119x1200.webp
1628	https://hrana.s27.cdn-upgates.com/d/d6ac0b5d3045b3-ugd010203-d-1119x1200.webp
1629	https://hrana.s27.cdn-upgates.com/b/b6ac0b7412f5fb-ugd010204-d-1119x1200.webp
1630	https://hrana.s27.cdn-upgates.com/n/n6ac0b794021cd-ugd010205-d-1119x1200.webp
1631	https://hrana.s27.cdn-upgates.com/b/b6ac0b7e28a51a-ugd010206-d-1119x1200.webp
1632	https://hrana.s27.cdn-upgates.com/w/w6ac0b8c7dcb7d-ugd011219-0001-solo-815x1200.webp
1633	https://hrana.s27.cdn-upgates.com/i/i6ac0b913bc48a-ugd011224-0001-solo-814x1200.webp
1634	https://hrana.s27.cdn-upgates.com/v/v6ac0b975b87ff-ugd011226-840x1200.webp
1635	https://hrana.s27.cdn-upgates.com/o/o6ac0b9d21b1b6-ugd011227-840x1200.webp
1636	https://hrana.s27.cdn-upgates.com/3/36ac0ba2642652-ugd011228-840x1200.webp
1637	https://hrana.s27.cdn-upgates.com/d/d6ac0ba779848d-ugd011229-840x1200.webp
1638	https://hrana.s27.cdn-upgates.com/0/06ac0bae86691a-ugd011232-840x1200.webp
164	https://hrana.s27.cdn-upgates.com/4/467c4c9231d3e9-arakni-web-of-deceit.png
1641	https://hrana.s27.cdn-upgates.com/0/06ac0f87754200-16140-poly-12pkt-pb-eclipse-jetblack.webp
1642	https://hrana.s27.cdn-upgates.com/z/z6ac0f8e737e74-15146-9pkt-probinder-applered.webp
1643	https://hrana.s27.cdn-upgates.com/5/56ac0f9a58ee80-85836-ss-mini-snaps.webp
1644	https://hrana.s27.cdn-upgates.com/3/36ac0fa3354094-2200608603a13f2847060084aa5c9c66.webp
1645	https://hrana.s27.cdn-upgates.com/1/16ac0fc6895d82-16686-eclipse-matte-standard-royal-purple-front-1451a282-eb62-4020-8308-37f4adce3915.webp
1646	https://hrana.s27.cdn-upgates.com/s/s6ac0fc393d540-16683-eclipse-matte-standard-sky-blue-front-39843092-41be-47aa-b6ae-61aba070b0e8.webp
1647	https://hrana.s27.cdn-upgates.com/3/36ac0fcb6993ba-16685-eclipse-matte-standard-forest-green-front-8e6b05ff-0dd9-4efe-8b08-15c2cc8e802a.webp
1648	https://hrana.s27.cdn-upgates.com/v/v6ac0fcfd4bba8-16681-eclipse-matte-standard-arctic-white-front-cba705fd-d4ba-40a7-aee5-c3f231d549b9.webp
1649	https://hrana.s27.cdn-upgates.com/1/16ac0fd4329c09-16680-eclipse-matte-standard-jet-black-front-bd96d4bf-a988-426a-90c3-5ccb8604abcd.webp
165	https://hrana.s27.cdn-upgates.com/4/467c4c8fd36abd-arakni.png
1650	https://hrana.s27.cdn-upgates.com/n/n6ac0fd868d116-16682-eclipse-matte-standard-pacific-blue-front-680f6972-a878-45b1-9f28-96e12777be02.webp
1651	https://hrana.s27.cdn-upgates.com/z/z6ac0fdc6244fc-16684-eclipse-matte-standard-apple-red-front.webp
1652	https://hrana.s27.cdn-upgates.com/s/s6ac20c58935fd-nsgenunbd01-image0-2000-2000x.webp
166	https://hrana.s27.cdn-upgates.com/e/e67c4c517d9621-alt-tbf-en-display-01.png
1670	https://hrana.s27.cdn-upgates.com/j/j6ac253699c75b-rlctq-large.webp
1671_100	https://hrana.s27.cdn-upgates.com/s/s6ac2124c63ce4-nga-12j-1024x1024.jpg
1671_101	https://hrana.s27.cdn-upgates.com/r/r6ac212096a6c7-nga-10j-1024x1024.jpg
1671_102	https://hrana.s27.cdn-upgates.com/0/06ac211c91b382-nga-07j-1024x1024.jpg
1671_103	https://hrana.s27.cdn-upgates.com/l/l6ac2117199cc6-nga-03j-1024x1024.jpg
1671_104	https://hrana.s27.cdn-upgates.com/0/06ac211283e025-nga-11j-1024x1024.jpg
1671_105	https://hrana.s27.cdn-upgates.com/m/m6ac210d12933f-nga-02j-1024x1024.jpg
1671_106	https://hrana.s27.cdn-upgates.com/j/j6ac2108beca11-nga-13j-1024x1024.jpg
1671_107	https://hrana.s27.cdn-upgates.com/y/y6ac2103a4596f-nga-09j-1024x1024.jpg
1671_108	https://hrana.s27.cdn-upgates.com/6/66ac20facea89b-nga-01j-1024x1024.jpg
1671_109	https://hrana.s27.cdn-upgates.com/w/w6ac20ec3b857d-nga-04j.webp
1671_97	https://hrana.s27.cdn-upgates.com/t/t6ac2132e66ff3-nga-08j-1024x1024.jpg
1671_98	https://hrana.s27.cdn-upgates.com/l/l6ac212eb212a5-nga-06j-1024x1024.jpg
1671_99	https://hrana.s27.cdn-upgates.com/p/p6ac2129247989-nga-05j-1024x1024.jpg
1672	https://hrana.s27.cdn-upgates.com/9/96ac39ae0808e5-9159006-1.jpg
1673	https://hrana.s27.cdn-upgates.com/e/e6ac39b64a5aba-9159007-1.jpg
1674	https://hrana.s27.cdn-upgates.com/h/h6ac39bb984319-9159010-1.jpg
1675	https://hrana.s27.cdn-upgates.com/v/v6ac39c113d08f-9159009-1.jpg
1676	https://hrana.s27.cdn-upgates.com/6/66ac39c50bee82-9159008-1.jpg
1677	https://hrana.s27.cdn-upgates.com/e/e6ac3e29be0e99-15145-9pkt-probinder-skyblue-63c27137-e34c-4113-9ad2-ae0789bb49a9.webp
168	https://hrana.s27.cdn-upgates.com/f/f6758aebb8fec8-bundly-fab.png
169	https://hrana.s27.cdn-upgates.com/u/u67c4c74e271f0-hunted-pursue-to-the-edge-of-oblivon.png
173	https://hrana.s27.cdn-upgates.com/v/v67c4cdce147f1-snorlax-a-munchlax.png
174	https://hrana.s27.cdn-upgates.com/9/967c4cd5872a0f-frosted-forest.png
175	https://hrana.s27.cdn-upgates.com/c/c67c4ccf429315-enchanted-glade.png
176	https://hrana.s27.cdn-upgates.com/q/q67c4cc5d31610-pikachu-and-mimikyu.png
179	https://hrana.s27.cdn-upgates.com/y/y67c4ca746a140-rayquaza.png
183	https://hrana.s27.cdn-upgates.com/u/u67bf547fc9519-pokemon-twilight-masquerade-4-pocket.png
187	https://hrana.s27.cdn-upgates.com/w/w67bf47c93f41a-pokemon-obsidian-flames.png
188	https://hrana.s27.cdn-upgates.com/3/367bf215c49052-pokemon-paldean-fates.png
189	https://hrana.s27.cdn-upgates.com/3/367bf2017b1899-krabicka-shimmering-skylines.png
193	https://hrana.s27.cdn-upgates.com/l/l67bf1a15a89df-pokemon-snorlax.png
194	https://hrana.s27.cdn-upgates.com/y/y67be381ee59c8-lexi.png
195	https://hrana.s27.cdn-upgates.com/w/w67be3811e489e-oldhim.png
196	https://hrana.s27.cdn-upgates.com/t/t67be380142654-briar.png
197	https://hrana.s27.cdn-upgates.com/f/f67be3794b5974-dorinthea.png
198	https://hrana.s27.cdn-upgates.com/c/c67be37a66e797-dash.png
199	https://hrana.s27.cdn-upgates.com/8/867be3787d6df5-viserai.png
200	https://hrana.s27.cdn-upgates.com/2/267be377d1104d-rhinar.png
201	https://hrana.s27.cdn-upgates.com/3/367be376927388-kano.png
202	https://hrana.s27.cdn-upgates.com/d/d67be375c5f62b-bravo.png
205	https://hrana.s27.cdn-upgates.com/v/v67be35867605e-dromai.png
206	https://hrana.s27.cdn-upgates.com/x/x67be3524dabc5-fai.png
207	https://hrana.s27.cdn-upgates.com/8/867be335d8ad18-bloomoborrow.png
208	https://hrana.s27.cdn-upgates.com/w/w67be331e39909-ultra-pro-blue.png
210	https://hrana.s27.cdn-upgates.com/r/r67be324d44373-mana-7.png
212	https://hrana.s27.cdn-upgates.com/v/v67be311a02d77-ultra-pro-green.png
213	https://hrana.s27.cdn-upgates.com/c/c67be30621d7bf-ultra-pro-tyrkysove-a5.png
214	https://hrana.s27.cdn-upgates.com/u/u67be2f93ab088-ultra-pro-red.png
216	https://hrana.s27.cdn-upgates.com/k/k67be2ee027297-gg-deck-holder-100-pink-0000.jpg
217	https://hrana.s27.cdn-upgates.com/2/267be2ecea58cf-gg-deck-holder-100-yellow-0000.jpg
218	https://hrana.s27.cdn-upgates.com/8/867be2eb9b488b-gg-deck-holder-100-orange-0001.jpg
219	https://hrana.s27.cdn-upgates.com/f/f67be2ea884924-gg-deck-holder-100-purple-0000.jpg
220	https://hrana.s27.cdn-upgates.com/3/367be2e975fd01-gg-deck-holder-100-white-0000.jpg
222	https://hrana.s27.cdn-upgates.com/p/p67be2e488ce1e-gg-deck-holder-100-black-0000.jpg
225	https://hrana.s27.cdn-upgates.com/9/967be2c103e344-elite-trainer-box-prismatic.png
241	https://hrana.s27.cdn-upgates.com/g/g67be237e65fce-logo-lorcana.png
242	https://hrana.s27.cdn-upgates.com/s/s67be22e879fd3-iconic-characters.png
246	https://hrana.s27.cdn-upgates.com/9/969a6af6f1ec54-43-2.webp
247	https://hrana.s27.cdn-upgates.com/l/l69a6afe295536-herni-podlozka-lorcana-elsa-900w.webp
248	https://hrana.s27.cdn-upgates.com/3/367be20560ccdc-984180-dlc-s6-en-mediaalerts-starters-emeraldsapp-2.png
249	https://hrana.s27.cdn-upgates.com/2/267be20133c88f-984142-dlc-s6-en-mediaalerts-starters-amberruby-2.png
250	https://hrana.s27.cdn-upgates.com/e/e67ebdc51309df-lorcana-azurite-sea-booster.webp
265	https://hrana.s27.cdn-upgates.com/4/467be152960ef4-kmc-perfect-fit.png
268	https://hrana.s27.cdn-upgates.com/6/667c6e3bf74d12-ultra-ball.png
269	https://hrana.s27.cdn-upgates.com/f/f67c6e670ee385-poke-ball-2024.png
270	https://hrana.s27.cdn-upgates.com/8/867c6e6b4ec2c4-premier-ball-2024.png
271	https://hrana.s27.cdn-upgates.com/c/c67c6e6e9aa761-great-ball-2024.png
272	https://hrana.s27.cdn-upgates.com/9/967c6e7355048c-moon-ball-2024.png
288	https://hrana.s27.cdn-upgates.com/u/u67d09f4079f64-trove.png
290	https://hrana.s27.cdn-upgates.com/e/e67d0a1f617d4e-deck1.png
291	https://hrana.s27.cdn-upgates.com/m/m67d0a203502a6-deck2.png
305	https://hrana.s27.cdn-upgates.com/9/967d0b5876266e-toploader-blackborder-25ks.png
308	https://hrana.s27.cdn-upgates.com/d/d67d0b80e6799e-mini-snap.png
317	https://hrana.s27.cdn-upgates.com/r/r67d177e1e588f-dimension-force-booster.png
318	https://hrana.s27.cdn-upgates.com/o/o67d1782286394-wild-survivors-booster.png
320	https://hrana.s27.cdn-upgates.com/v/v67d178cb01a79-duelist-nexus.png
321	https://hrana.s27.cdn-upgates.com/h/h67d17911d6285-soulburning-volcano.png
322	https://hrana.s27.cdn-upgates.com/l/l67d17a56ae11c-podlozka-a-krabica-four-emperors.png
327	https://hrana.s27.cdn-upgates.com/z/z67d5603eef0aa-eustass-kid-2.png
328	https://hrana.s27.cdn-upgates.com/d/d67d56164c5c06-sogeking-1.png
329	https://hrana.s27.cdn-upgates.com/x/x67d5621fa7cc9-sugar-2.png
330	https://hrana.s27.cdn-upgates.com/3/367d562a0d7b86-ming-greenlemon1.png
331	https://hrana.s27.cdn-upgates.com/8/867de90712e777-gg-playmat-tube-black-0006.jpg
334	https://hrana.s27.cdn-upgates.com/y/y67ebd7ab2d6f0-album-pokemon-journey-together-9-pocket-album.webp
342	https://hrana.s27.cdn-upgates.com/g/g67dea5b8a2dac-gg-sleeves-matte-prime-standard-color-0000.jpg
343	https://hrana.s27.cdn-upgates.com/z/z67dea642b3ff2-gg-sleeves-matte-prime-standard-color-0012.jpg
344	https://hrana.s27.cdn-upgates.com/c/c67dea6735ce4c-gg-sleeves-matte-prime-standard-color-0010.jpg
345	https://hrana.s27.cdn-upgates.com/6/667dea69cf408a-gg-sleeves-matte-prime-standard-color-0008.jpg
346	https://hrana.s27.cdn-upgates.com/k/k67dea6c50e47e-gg-sleeves-matte-prime-standard-color-0016.jpg
347	https://hrana.s27.cdn-upgates.com/9/967dea6e8e10ef-gg-sleeves-matte-prime-standard-color-0014.jpg
348	https://hrana.s27.cdn-upgates.com/m/m67dea70f18183-gg-sleeves-matte-prime-standard-color-0004.jpg
350	https://hrana.s27.cdn-upgates.com/e/e67dea72fc0da2-gg-sleeves-matte-prime-standard-color-0006.jpg
351	https://hrana.s27.cdn-upgates.com/8/867ebd9f65961e-podlozka-altered-ice-storm-1.webp
355	https://hrana.s27.cdn-upgates.com/z/z67e28cf2ce014-gg-watchtower-xl-green-0000.jpg
358	https://hrana.s27.cdn-upgates.com/d/d67e28f1426ff5-gg-watchtower-xl-yellow-0000.jpg
359	https://hrana.s27.cdn-upgates.com/s/s67e28f3b64817-gg-watchtower-xl-pink-0000.jpg
362	https://hrana.s27.cdn-upgates.com/1/167e290a9d43d6-gg-stronghold-xl-pink-0000.jpg
370	https://hrana.s27.cdn-upgates.com/f/f67ee6cdd36a3a-proving-grounds.webp
375	https://hrana.s27.cdn-upgates.com/6/667ee6ccbb1141-booster.webp
376	https://hrana.s27.cdn-upgates.com/v/v67ee6cd3d2a85-booster-box.webp
379	https://hrana.s27.cdn-upgates.com/1/167eeed3b89efc-booster.webp
380	https://hrana.s27.cdn-upgates.com/b/b67eeef4c13be9-play-booster.webp
381	https://hrana.s27.cdn-upgates.com/j/j67f41b9a96c2e-gravy-booster.webp
388	https://hrana.s27.cdn-upgates.com/v/v67fc200d2800e-aurora-web.webp
392	https://hrana.s27.cdn-upgates.com/4/46823b0bbb2a33-pokemon-premium-red.webp
398	https://hrana.s27.cdn-upgates.com/h/h6808f7a06de2e-booster.png
402	https://hrana.s27.cdn-upgates.com/p/p6808f9b775930-deck2.png
403	https://hrana.s27.cdn-upgates.com/7/76808f9e874f82-deck1.png
409	https://hrana.s27.cdn-upgates.com/6/66823a281526e0-burrow.webp
411	https://hrana.s27.cdn-upgates.com/v/v6823a2a163a85-bold.webp
412	https://hrana.s27.cdn-upgates.com/r/r6823a2af95df2-shiko.webp
413	https://hrana.s27.cdn-upgates.com/n/n6823a2b9a2741-feral.webp
414	https://hrana.s27.cdn-upgates.com/u/u6823a2c60d73b-abzan-devotee.webp
415	https://hrana.s27.cdn-upgates.com/c/c6823a2d49e7f8-mystic-monastery.webp
416	https://hrana.s27.cdn-upgates.com/j/j6823a37320786-cori.webp
420	https://hrana.s27.cdn-upgates.com/j/j6823ac684036e-ugd010108.webp
421	https://hrana.s27.cdn-upgates.com/2/26823ac8404036-ugd011430.webp
422	https://hrana.s27.cdn-upgates.com/2/26823ac9849425-ugd011432.webp
423	https://hrana.s27.cdn-upgates.com/2/26823acb315b82-ugd011433.webp
426	https://hrana.s27.cdn-upgates.com/c/c6823b584b31f5-ordis.webp
429	https://hrana.s27.cdn-upgates.com/7/76823b5b49b02e-muna.webp
430	https://hrana.s27.cdn-upgates.com/u/u6823b5c32042e-lyra.webp
445	https://hrana.s27.cdn-upgates.com/6/6683deb0099450-booster.webp
446	https://hrana.s27.cdn-upgates.com/q/q683deb0ca0d3d-etb.webp
449	https://hrana.s27.cdn-upgates.com/a/a683dedac3bf3b-booster.webp
450	https://hrana.s27.cdn-upgates.com/q/q683dedcc0be29-booster-box.webp
451	https://hrana.s27.cdn-upgates.com/6/6683dedfe7374d-starter-kit.webp
456	https://hrana.s27.cdn-upgates.com/o/o683df2b902bac-limit-break.webp
457	https://hrana.s27.cdn-upgates.com/u/u683df2e21a714-counter-blitz.webp
458	https://hrana.s27.cdn-upgates.com/0/0683df31b7ac09-revival-trance.webp
459	https://hrana.s27.cdn-upgates.com/d/d683df361abb44-scions-and-spellcraft.webp
461	https://hrana.s27.cdn-upgates.com/u/u683df42ea2ac2-collection-revival-trance.webp
462	https://hrana.s27.cdn-upgates.com/9/9683df4586d596-collection-counter-blitz.webp
464	https://hrana.s27.cdn-upgates.com/h/h683decc1f2822-booster-box.webp
467	https://hrana.s27.cdn-upgates.com/g/g6842b5422dbee-cd93800-154555-38-one-piece-card-game-official-sleeves-10-devil-fruit-70-sleeves.jpg
468	https://hrana.s27.cdn-upgates.com/j/j6841c3a71bdb3-portgas-web.webp
469	https://hrana.s27.cdn-upgates.com/8/86841c3c2bc2f9-shanks-web.webp
470	https://hrana.s27.cdn-upgates.com/h/h6841c3d995f99-kouzuki-web.webp
478	https://hrana.s27.cdn-upgates.com/b/b68664db5a1d26-st01w.webp
479	https://hrana.s27.cdn-upgates.com/o/o68664da3a591c-st02w.webp
48	https://hrana.s27.cdn-upgates.com/n/n6764562288720-blitz-aurora.png
480	https://hrana.s27.cdn-upgates.com/o/o68664d977a1b9-st03w.webp
481	https://hrana.s27.cdn-upgates.com/p/p68664d88a6517-st04w.webp
49	https://hrana.s27.cdn-upgates.com/v/v6764565708002-blitz-oscilio.png
502	https://hrana.s27.cdn-upgates.com/m/m687627288ee58-starterw.webp
51	https://hrana.s27.cdn-upgates.com/i/i67645688f14a5-blitz-verdance.png
52	https://hrana.s27.cdn-upgates.com/b/b67a13ed770676-blitz-florian.png
524	https://hrana.s27.cdn-upgates.com/i/i68ee64adb2c7d-obaly-na-karty-katana-standard-size-yellow.webp
525	https://hrana.s27.cdn-upgates.com/i/i68ee64dc25fbf-obaly-na-karty-katana-standard-size-mountain-haze.webp
526	https://hrana.s27.cdn-upgates.com/g/g68ee652947925-obaly-na-karty-katana-standard-size-green.webp
527	https://hrana.s27.cdn-upgates.com/y/y68ee6567ba588-obaly-na-karty-katana-standard-size-great-wave.webp
529	https://hrana.s27.cdn-upgates.com/2/268ee6594e0c6f-obaly-na-karty-katana-standard-size-black.webp
53	https://hrana.s27.cdn-upgates.com/y/y673623d6d8a91-ros-playmat.png
530	https://hrana.s27.cdn-upgates.com/o/o68ee65c31a685-obaly-na-karty-katana-standard-size-autumn-moon.webp
54	https://hrana.s27.cdn-upgates.com/8/86736249b14285-en-ros-collection-box-original.png
543	https://hrana.s27.cdn-upgates.com/b/b68baad684a499-marshal.webp
544	https://hrana.s27.cdn-upgates.com/a/a68baadbab6b3d-nico-robinw.webp
545	https://hrana.s27.cdn-upgates.com/k/k68b9d14f7ad1a-smash-palacew.webp
550	https://hrana.s27.cdn-upgates.com/s/s689f944d83c00-bundlew.webp
551	https://hrana.s27.cdn-upgates.com/l/l68baaeb2c525c-gg-sleeves-matte-prime-standard-color-0018.webp
552	https://hrana.s27.cdn-upgates.com/m/m68baafd118365-gg-sleeves-matte-prime-standard-color-0020w.webp
554	https://hrana.s27.cdn-upgates.com/1/168bab065a4c77-gg-sleeves-matte-prime-standard-color-0002w.webp
555	https://hrana.s27.cdn-upgates.com/3/368bab0eab195b-pikachu-alcove-tower-2025w.webp
556	https://hrana.s27.cdn-upgates.com/f/f6ac36235d3d92-hj5e000k01-1000-1000.webp
564	https://hrana.s27.cdn-upgates.com/r/r68bab5a6ced5a-scene3.webp
567	https://hrana.s27.cdn-upgates.com/x/x68bab8f907842-sealable-perfect1w.webp
568	https://hrana.s27.cdn-upgates.com/f/f68bab970a9a53-doflaminow.webp
569	https://hrana.s27.cdn-upgates.com/m/m68bab9b5cb9be-rebecca.webp
57	https://hrana.s27.cdn-upgates.com/0/0673763e2c181f-en-mst-mock-blitz-enigma-right-original.png
575	https://hrana.s27.cdn-upgates.com/6/668babd2d3184a-zorow.webp
576	https://hrana.s27.cdn-upgates.com/a/a68babd45eb065-kuzanw.webp
577	https://hrana.s27.cdn-upgates.com/i/i68babdb62645e-boaw.webp
578	https://hrana.s27.cdn-upgates.com/0/068babd81508e3-donw.webp
579	https://hrana.s27.cdn-upgates.com/c/c68babde2562da-pikachu2019.webp
58	https://hrana.s27.cdn-upgates.com/t/t673764274f597-en-mst-mock-blitz-zen-right-original.png
580	https://hrana.s27.cdn-upgates.com/5/568c1ab560b196-booster4w.webp
583	https://hrana.s27.cdn-upgates.com/3/368d267990ee89-st05.webp
584	https://hrana.s27.cdn-upgates.com/u/u68c3514f3d5cd-gg-playmat-tube-clear-0006.jpg
588	https://hrana.s27.cdn-upgates.com/7/76985d2e2701bc-1763843288-5ee7a84d02a882e0b5e4ad5900a03e6e.jpg
595	https://hrana.s27.cdn-upgates.com/g/g68de956188400-magic-the-gathering-avatar-the-last-airbender-jumpstart-booster-box-24-boosteru.webp
596	https://hrana.s27.cdn-upgates.com/l/l68de9946f1323-magic-the-gathering-avatar-the-last-airbender-collector-booster-box-12-boosteru.webp
599	https://hrana.s27.cdn-upgates.com/h/h68de9946b2bef-magic-the-gathering-avatar-the-last-airbender-collector-booster-box-12-boosteru-2.webp
60	https://hrana.s27.cdn-upgates.com/o/o6737649641f54-en-mst-mock-blitz-nuu-right-original.png
600	https://hrana.s27.cdn-upgates.com/n/n68de9d646bf9f-magic-the-gathering-avatar-the-last-airbender-beginner-box2.webp
602	https://hrana.s27.cdn-upgates.com/l/l68de9f552fde0-magic-the-gathering-avatar-the-last-airbender-scene-box-tea-time-at-the-jasmine-dragon.webp
603	https://hrana.s27.cdn-upgates.com/d/d68de9ff5b3051-magic-the-gathering-avatar-the-last-airbender-scene-box-the-black-sun-invasion.webp
604	https://hrana.s27.cdn-upgates.com/r/r68dea1042f0b4-magic-the-gathering-avatar-the-last-airbender-play-booster.webp
605	https://hrana.s27.cdn-upgates.com/z/z68dea1aae2c78-magic-the-gathering-avatar-the-last-airbender-play-booster-box.webp
61	https://hrana.s27.cdn-upgates.com/v/v6776a0aae4fb9-mattecopper1.png
62	https://hrana.s27.cdn-upgates.com/v/v67377af0b917b-80116-0.png
622	https://hrana.s27.cdn-upgates.com/k/k68e67c8d737e3-pokemon-mega-evolution-a5-album-na-karty1.webp
626	https://hrana.s27.cdn-upgates.com/1/168e7722693a7c-gengarpremiumalcoveflip.webp
628	https://hrana.s27.cdn-upgates.com/m/m68e7746100780-flesh-and-blood-armory-deck-pleiades.webp
63	https://hrana.s27.cdn-upgates.com/3/36776a457e3d93-mattepurple1.png
631	https://hrana.s27.cdn-upgates.com/o/o68e77939eb4b9-gundam-cg-clan-unity-starter-deck.webp
634	https://hrana.s27.cdn-upgates.com/i/i68e7b07f38f44-6n3j000k01-1000-1000.webp
64	https://hrana.s27.cdn-upgates.com/l/l6776a4c3275ff-mattewhite1.png
641	https://hrana.s27.cdn-upgates.com/n/n68efc7b765e75-1.png
642	https://hrana.s27.cdn-upgates.com/m/m693058e979012-legendy-z-podhradi5.webp
643	https://hrana.s27.cdn-upgates.com/k/k693059e66d380-dixit.webp
644	https://hrana.s27.cdn-upgates.com/n/n693061b1dfc5e-1.webp
645	https://hrana.s27.cdn-upgates.com/z/z693060d738964-2.webp
667	https://hrana.s27.cdn-upgates.com/p/p68fbf857d774d-midnightblue1.webp
668	https://hrana.s27.cdn-upgates.com/o/o68fbf954abde4-yellow1w.webp
669	https://hrana.s27.cdn-upgates.com/g/g68fbf9b15d5bd-orangew.webp
67	https://hrana.s27.cdn-upgates.com/p/p6776a67815f1b-matteruby1.png
670	https://hrana.s27.cdn-upgates.com/i/i68fbfa9aa0977-petrol1w.webp
671	https://hrana.s27.cdn-upgates.com/7/768fbfc5490269-ivory1w.webp
672	https://hrana.s27.cdn-upgates.com/9/968fbfcda6f25d-applegreen1w.webp
673	https://hrana.s27.cdn-upgates.com/e/e68fbfd443199f-aurora1w.webp
674	https://hrana.s27.cdn-upgates.com/z/z68fbfdfd1c9d6-pink1w.webp
675	https://hrana.s27.cdn-upgates.com/h/h68fbfe7b92066-forestgreen1.webp
676	https://hrana.s27.cdn-upgates.com/5/568fbff26d59d3-mint2w.webp
678	https://hrana.s27.cdn-upgates.com/x/x68fbffa7c8bfe-crimsonw.webp
679	https://hrana.s27.cdn-upgates.com/5/568fbfffdb87cb-amberw.webp
680	https://hrana.s27.cdn-upgates.com/j/j68fc00b26db60-sapphire1w.webp
681	https://hrana.s27.cdn-upgates.com/r/r68fc0132be553-turq1w.webp
682	https://hrana.s27.cdn-upgates.com/9/968fc01b1818ba-magentaw1.webp
683	https://hrana.s27.cdn-upgates.com/b/b68fc0204e1bda-silverw1.webp
700	https://hrana.s27.cdn-upgates.com/2/2690b36b0741d8-lorcana-whispers-in-the-well-sapphire-steel-starter-deck.webp
71	https://hrana.s27.cdn-upgates.com/h/h6776987d45b88-academic-cerna1.png
72	https://hrana.s27.cdn-upgates.com/l/l677690bc3cc1c-academic-zelena1.png
722	https://hrana.s27.cdn-upgates.com/4/469133995f3a77-690cfc330c8ba-obaly-na-karty-one-piece-tcg-sabo-690cfc8a67ef1.webp
726	https://hrana.s27.cdn-upgates.com/v/v69133d46e1c34-690cf9cd9f8b4-obaly-na-karty-one-piece-tcg-gol-d-rogger-690cfb05eb011.webp
727	https://hrana.s27.cdn-upgates.com/3/369133e0df350f-690cf53f4a6eb-obaly-na-karty-one-piece-tcg-jewelry-bonnery-690cf83ec5250.webp
728	https://hrana.s27.cdn-upgates.com/6/669133ec00cd01-690cf8529acfd-obaly-na-karty-one-piece-tcg-portgas-d-ace-690cf8e94024f.webp
73	https://hrana.s27.cdn-upgates.com/u/u67769b80b832c-watchtower-modra1.png
736	https://hrana.s27.cdn-upgates.com/c/c6926dd3c564c7-magic-final-fantasy-scene-box-camp-comrades.webp
737	https://hrana.s27.cdn-upgates.com/4/46926dcc0504c0-magic-final-fantasy-scene-box-children-of-fate.webp
74	https://hrana.s27.cdn-upgates.com/c/c67769c97dd3ab-watchtower-cervena1.png
745	https://hrana.s27.cdn-upgates.com/m/m693068ae31d9b-1.webp
746	https://hrana.s27.cdn-upgates.com/j/j6930696c3199d-2.webp
747	https://hrana.s27.cdn-upgates.com/f/f69306aaa32eed-3.webp
750	https://hrana.s27.cdn-upgates.com/2/269399c5ce99e7-dow912801cz-01.webp
751	https://hrana.s27.cdn-upgates.com/3/369399de1c51c8-2tco01cz-01.webp
752	https://hrana.s27.cdn-upgates.com/d/d69399fa0f195f-xp1xhtt6kkdw8wux9rii.webp
753	https://hrana.s27.cdn-upgates.com/e/e6939a18d485af-55236.webp
755	https://hrana.s27.cdn-upgates.com/n/n6939a42467c03-b9yjdclouyzxd3mjqkf6.webp
761	https://hrana.s27.cdn-upgates.com/n/n6939a99fc2b47-bkp4aqfawcpl1kzdtzyg.webp
762	https://hrana.s27.cdn-upgates.com/k/k6939aba726a8f-dhe1mqvkk1ohn8ilavji.webp
764	https://hrana.s27.cdn-upgates.com/f/f6939ad897e914-wvbvmxqpyk5ecdmbltvw.webp
765	https://hrana.s27.cdn-upgates.com/s/s6939c0eac3b55-ovbytlkxpxc3r0nkdsry.webp
766	https://hrana.s27.cdn-upgates.com/w/w6939c17497009-bbdxn2xlmysowjhrrxar.webp
767	https://hrana.s27.cdn-upgates.com/s/s6939c25763693-zygswst0101cssk-01.webp
769	https://hrana.s27.cdn-upgates.com/a/a6939c41eaf4b3-tpsxi6iagmmxjp1nyd6z.webp
77	https://hrana.s27.cdn-upgates.com/p/p67769fa37b0cb-mattegold1.png
770	https://hrana.s27.cdn-upgates.com/o/o6939c4ed4ba3d-codd25fbrqsnv3zytl6b.webp
771	https://hrana.s27.cdn-upgates.com/e/e6939c613a2e8f-lrmrevkrrlbey9frzpes.webp
772	https://hrana.s27.cdn-upgates.com/x/x6939c6b4d4a8e-bdajxg6brwvcpngsctbd.webp
773	https://hrana.s27.cdn-upgates.com/d/d6939c768a4252-ffrdonczk01-01.webp
774	https://hrana.s27.cdn-upgates.com/k/k6939a33ac4a23-zxnwecfnxdnahmno76ps.webp
775	https://hrana.s27.cdn-upgates.com/y/y6939c94607636-shit-happens-50-shades-vizualizace-ok.webp
776	https://hrana.s27.cdn-upgates.com/3/36939ca2d6a7f6-asmekitta01-01.webp
777	https://hrana.s27.cdn-upgates.com/m/m6939cabe105da-53991.webp
778	https://hrana.s27.cdn-upgates.com/o/o6939cba90b9c0-27728.webp
779	https://hrana.s27.cdn-upgates.com/3/36939cc6bd3805-89112.webp
78	https://hrana.s27.cdn-upgates.com/m/m6775b8149f5b6-ds-emeraldmatte.png
780	https://hrana.s27.cdn-upgates.com/4/46939cd2d4f4b1-rtican01czsk-02.webp
787	https://hrana.s27.cdn-upgates.com/z/z693af149988e0-dragon-shield-standard-size-sleeves-power-matte-dual-100-5706569150631.webp
788	https://hrana.s27.cdn-upgates.com/t/t693af009557bf-peach3-63aee0c807dea.webp
789	https://hrana.s27.cdn-upgates.com/h/h693aef282fb2c-uy2nq-large.webp
790	https://hrana.s27.cdn-upgates.com/w/w693aee78ee799-1bejl-large.webp
792	https://hrana.s27.cdn-upgates.com/w/w693aed603c6ad-60bf2a7eccee9-obaly-na-karty-kmc-standard-sleeves-perfect-hard-50-ks1-660ea7f7e2a86.webp
793	https://hrana.s27.cdn-upgates.com/f/f693aecca821b1-4i2vi-large.webp
795	https://hrana.s27.cdn-upgates.com/a/a693aeac392fa1-16540-fvdb-pkm-pikachu-v2.webp
796	https://hrana.s27.cdn-upgates.com/c/c693ae9e95c2c1-up16610-02.webp
799	https://hrana.s27.cdn-upgates.com/w/w6942a5a392e65-4mgwz-large.webp
800	https://hrana.s27.cdn-upgates.com/a/a6942a54cafb49-8vkei-large.webp
801	https://hrana.s27.cdn-upgates.com/z/z6942c9c753445-20240313231925-5706569150471b-1.webp
802	https://hrana.s27.cdn-upgates.com/0/06942cd482e7f4-fundas-standard-matte-dual-100-unidades-cobaltsilver-dragon-shield-1.webp
803	https://hrana.s27.cdn-upgates.com/3/36942ce58107a1-arcane-tinmen-game-supplies-card-sleeves-dragon-shields-100-matte-dual-wisdom-5706569150570-atm-15057-39392878985468-700x.webp
804	https://hrana.s27.cdn-upgates.com/g/g6942d01a164e9-fundas-standard-dual-matte-gooseberry-dragon-shield.webp
805	https://hrana.s27.cdn-upgates.com/b/b6942d0df7af8f-fundas-standard-dragon-shield-matte-orchid-emme-paquete-de-100.webp
806	https://hrana.s27.cdn-upgates.com/u/u6942d1aa1050e-fundas-standard-63-mm-x-88-mm-dual-matte-valor-claro-100-fundas-dragon-shield.webp
807	https://hrana.s27.cdn-upgates.com/9/96942d2a2c69bc-fundas-standard-matte-100-unidades-justice-de-dragon-shield.webp
808	https://hrana.s27.cdn-upgates.com/i/i6942d3b334fbf-fundas-standard-dual-matte-might-verde-100-fundas-dragon-shield.webp
809	https://hrana.s27.cdn-upgates.com/o/o6942d471ac83b-fundas-standard-matte-100-unidades-truth-de-dragon-shield.webp
810	https://hrana.s27.cdn-upgates.com/b/b6942d6ab41fa4-fundas-standard-dual-matte-dragon-shield-matte-crypt-neonen-paquete-de-100.webp
811	https://hrana.s27.cdn-upgates.com/5/56942d6ed91d5c-fundas-standard-25th-special-edition-pomegranategold-100-unidades-dragon-shield.webp
812	https://hrana.s27.cdn-upgates.com/2/26942d7b89af40-fundas-fury-alaric-crimson-king-rosa-dragon-shield.webp
813	https://hrana.s27.cdn-upgates.com/k/k6942d9b58407f-fundas-standard-dual-matte-dragon-shield-matte-glacier-miniom-paquete-de-100.webp
814	https://hrana.s27.cdn-upgates.com/i/i6942dbf4a459b-fundas-standard-dragon-shield-dual-matte-eucalyptus-lehel-paquete-de-100.webp
815	https://hrana.s27.cdn-upgates.com/u/u6942dc4336aa7-fundas-standard-dragon-shield-matte-lagoon-saras-paquete-de-100.webp
816	https://hrana.s27.cdn-upgates.com/a/a6942dd20d1604-fundas-ember-alaric-revolution-kindler-naranja-dragon-shield.webp
817	https://hrana.s27.cdn-upgates.com/g/g6942ddef36399-fundas-standard-matte-metallic-purple-soul-100-fundas-dragon-shield.webp
818	https://hrana.s27.cdn-upgates.com/3/36942ded73227f-fundas-standard-dragon-shield-matte-snow-nirin-paquete-de-100.webp
819	https://hrana.s27.cdn-upgates.com/l/l6942dfa93b3a7-fundas-wraith-alaric-chaos-wraith-morado-dragon-shield.webp
834	https://hrana.s27.cdn-upgates.com/m/m695be427e2cd2-gd03-box-leaked-gundam-freedom-and-kampfer-are-confirmed-v0-zc3th33vzo6g1.webp
837	https://hrana.s27.cdn-upgates.com/6/6695be7ea8e621-662113-in-1000x1000.jpg
842	https://hrana.s27.cdn-upgates.com/o/o695c10764abf9-9145797-2.webp
845	https://hrana.s27.cdn-upgates.com/1/1695c11abb5060-9145803-1.webp
846	https://hrana.s27.cdn-upgates.com/f/f695c11d948204-9145802-1.webp
847	https://hrana.s27.cdn-upgates.com/7/7695c121001652-9145795-1.webp
848	https://hrana.s27.cdn-upgates.com/o/o695c123e296e2-9145796-1.webp
853	https://hrana.s27.cdn-upgates.com/2/2696257e3f3d8a-rhinarw.webp
854	https://hrana.s27.cdn-upgates.com/1/169625808e4366-arakniw.webp
855	https://hrana.s27.cdn-upgates.com/9/9697735193718f-iris-bloom-1.webp
856	https://hrana.s27.cdn-upgates.com/0/06977355d51381-64803494a62ab-ug-toploader-35pt1-64803530ef36b.webp
857	https://hrana.s27.cdn-upgates.com/z/z69652afb61210-17700-ezgif-com-webp-to-jpg.webp
859	https://hrana.s27.cdn-upgates.com/k/k69652f078bc0a-pokemon-4-pocket-portfolio-pikachu-12-pages-0074427165437-1.webp
860	https://hrana.s27.cdn-upgates.com/4/46970bb49028d9-nexis-deckbox-side-no-box.webp
861	https://hrana.s27.cdn-upgates.com/1/16970bcbb9b10a-void-nedckbox-side-no-box.webp
862	https://hrana.s27.cdn-upgates.com/u/u6970bbae939e0-nexis.webp
865	https://hrana.s27.cdn-upgates.com/t/t6970bc841c219-toploader-side.webp
867	https://hrana.s27.cdn-upgates.com/h/h696ccdf8a6156-9149923-1.jpg
876	https://hrana.s27.cdn-upgates.com/h/h696cd1ff38f4d-9149924-1.jpg
88	https://hrana.s27.cdn-upgates.com/m/m6775b174e3f8f-battle-academy1-en.png
882	https://hrana.s27.cdn-upgates.com/g/g696cfba404339-gobw2lhcz-01.webp
883	https://hrana.s27.cdn-upgates.com/s/s696cfcca4e11f-rtifro0101cs-01.webp
884	https://hrana.s27.cdn-upgates.com/x/x696cfda263652-gotsbg01cz-01.webp
885	https://hrana.s27.cdn-upgates.com/l/l696cfe6234d26-gobpod1stcz-01.webp
886	https://hrana.s27.cdn-upgates.com/r/r696cff655f91a-gobpod2whcz-01.webp
887	https://hrana.s27.cdn-upgates.com/c/c696d003a8ddf1-gobpod2lhcz-01.webp
888	https://hrana.s27.cdn-upgates.com/m/m696d00e35355d-gobpod2tgccz-01.webp
889	https://hrana.s27.cdn-upgates.com/m/m696e6d7e3be0a-brgcl01cs-01.webp
890	https://hrana.s27.cdn-upgates.com/i/i696e6ecbee0bd-aslibtt0101cssk-01.webp
891	https://hrana.s27.cdn-upgates.com/n/n696e6fc154001-asmscfc01cs-01.webp
892	https://hrana.s27.cdn-upgates.com/1/1696e7088962a3-rp7di0101cssk-01.webp
893	https://hrana.s27.cdn-upgates.com/o/o696e717470b0e-ascspel01cssk-01.webp
894	https://hrana.s27.cdn-upgates.com/a/a696e724b92c1b-gobw2skcz-01.webp
895	https://hrana.s27.cdn-upgates.com/q/q696e7324cfa0f-sch88960-01.webp
896	https://hrana.s27.cdn-upgates.com/m/m696e740f4eb7c-as7dumecs02-02.webp
897	https://hrana.s27.cdn-upgates.com/g/g696e74fc8e484-zz3525107-01.webp
901	https://hrana.s27.cdn-upgates.com/u/u697101fee18a1-272732-2-x-qwss20601-b.webp
902	https://hrana.s27.cdn-upgates.com/d/d697102599ad3f-272738-4-x-qwss20603-d.webp
903	https://hrana.s27.cdn-upgates.com/2/2697102d59aacd-272741-2-x-qwss20602-b.webp
904	https://hrana.s27.cdn-upgates.com/1/169710324a674b-272744-4-x-qwss20606-d.webp
906	https://hrana.s27.cdn-upgates.com/j/j697104734dfde-pi656-ggs49006ml-3-ggs49006ml-1-1-400780.webp
907	https://hrana.s27.cdn-upgates.com/g/g697103797e27d-272747-1-x-qwss20605-a.webp
912	https://hrana.s27.cdn-upgates.com/j/j6974b764aef7f-krbz7dvzftfpuecy3uen.webp
913	https://hrana.s27.cdn-upgates.com/b/b6974b7d82331e-zaklinac-ronin-1.jpeg
915	https://hrana.s27.cdn-upgates.com/a/a69788191c7146-compendium-of-rathe-booster-display-24-booster-1-antiquity-booster-englisch-09421037054506.webp
922	https://hrana.s27.cdn-upgates.com/v/v697de1434af76-sorcery-contested-realm-tcg-gothic-booster-display-jpg-big.jpg
924	https://hrana.s27.cdn-upgates.com/t/t697de35b038cc-99743-ultimate-guard-katana-sleeves-standard-size-blue-bird-100.webp
925	https://hrana.s27.cdn-upgates.com/l/l6985c22105c10-ugd010208-d.webp
926	https://hrana.s27.cdn-upgates.com/q/q6985c285a6036-ugd010211-d.webp
927	https://hrana.s27.cdn-upgates.com/6/66985c2e623832-ugd010212-d.webp
928	https://hrana.s27.cdn-upgates.com/e/e6985c331f028f-ugd010209-d.webp
929	https://hrana.s27.cdn-upgates.com/o/o6985c39454e0c-ugd010210-d.webp
93	https://hrana.s27.cdn-upgates.com/z/z6775b3b0858c5-koraidon-ex-deluxe.png
930	https://hrana.s27.cdn-upgates.com/2/26985c430cdef7-ugd010342-d.webp
932	https://hrana.s27.cdn-upgates.com/n/n6985c57a770a4-ugd010354-d.webp
933	https://hrana.s27.cdn-upgates.com/a/a6985c5bb44a42-ugd010355-d.webp
934	https://hrana.s27.cdn-upgates.com/e/e6a3abdf0dc9e5-ultimate-guard-zipfolio-160-8-pocket-xenoskin-whit-jpg-big.jpg
935	https://hrana.s27.cdn-upgates.com/w/w6985c68175690-ugd010430-d.webp
936	https://hrana.s27.cdn-upgates.com/a/a6985c6f983421-ugd010353-d.webp
937	https://hrana.s27.cdn-upgates.com/e/e6985c7fa80c47-ugd010434-d.webp
938	https://hrana.s27.cdn-upgates.com/e/e6985c82da32cc-ugd010435-d.webp
939	https://hrana.s27.cdn-upgates.com/v/v6985c891711ef-ugd010432-d.webp
94	https://hrana.s27.cdn-upgates.com/c/c6775b481811fd-miraidon-ex-deluxe.png
940	https://hrana.s27.cdn-upgates.com/3/36985c8e7a0edb-ugd010433-d.webp
941	https://hrana.s27.cdn-upgates.com/5/56985c93598258-ugd010438-d.webp
942	https://hrana.s27.cdn-upgates.com/7/76985c97ae2421-ugd010436-d.webp
943	https://hrana.s27.cdn-upgates.com/g/g6985cb3e764b8-ugd010468-d.webp
944	https://hrana.s27.cdn-upgates.com/p/p6985cb9bb102d-ugd010469-d.webp
945	https://hrana.s27.cdn-upgates.com/0/06985cbebbbb4d-ugd010471-d.webp
946	https://hrana.s27.cdn-upgates.com/f/f6985cca6797bc-257438-x-ugd011620.webp
947	https://hrana.s27.cdn-upgates.com/l/l6985ccfc3c5c2-257441-x-ugd011621.webp
948	https://hrana.s27.cdn-upgates.com/p/p6985cd628b4a7-257447-x-ugd011622.webp
949	https://hrana.s27.cdn-upgates.com/u/u6985cdf812292-257444-x-ugd011623.webp
950	https://hrana.s27.cdn-upgates.com/8/86985cea773e4c-ugd011790-0003-solo.webp
951	https://hrana.s27.cdn-upgates.com/9/96985cf0bb2646-ugd011791-0003-solo.webp
952	https://hrana.s27.cdn-upgates.com/r/r6985cf62d87c1-ugd011792-0003-solo.webp
955	https://hrana.s27.cdn-upgates.com/h/h6985e6a39d98d-249224-x-ugd011616.webp
956	https://hrana.s27.cdn-upgates.com/q/q6985e742bc0c6-249230-x-ugd011617.webp
957	https://hrana.s27.cdn-upgates.com/k/k6985e7a696577-249233-x-ugd011618.webp
958	https://hrana.s27.cdn-upgates.com/e/e6985e8af812cc-249227-x-ugd011619.webp
960	https://hrana.s27.cdn-upgates.com/q/q6985e9d9c5e95-ugd011656-0001-solo.webp
961	https://hrana.s27.cdn-upgates.com/d/d6985ea3539e66-ugd011657-0001-solo.webp
962	https://hrana.s27.cdn-upgates.com/p/p6985ea900802c-ugd011658-0001-solo.webp
963	https://hrana.s27.cdn-upgates.com/4/46985eb6acb79d-252440-x-ugd011680.webp
964	https://hrana.s27.cdn-upgates.com/4/46985ebc13f55b-252449-x-ugd011683.webp
965	https://hrana.s27.cdn-upgates.com/r/r6985ec4b2a614-252446-x-ugd011682.webp
968	https://hrana.s27.cdn-upgates.com/4/46985edab479d8-257321-x-ugd011692.webp
969	https://hrana.s27.cdn-upgates.com/i/i6985ee414e685-ugd011694-0001.webp
970	https://hrana.s27.cdn-upgates.com/e/e6985eeae38e3a-ugd011755-0003-solo.webp
971	https://hrana.s27.cdn-upgates.com/4/46985ef1fe9ba2-ugd011807-0001-solo.webp
972	https://hrana.s27.cdn-upgates.com/0/06985ef82b6ee2-ugd011808-0001-solo.webp
973	https://hrana.s27.cdn-upgates.com/p/p6985efde9590f-ugd011809-0001-solo.webp
974	https://hrana.s27.cdn-upgates.com/y/y6985f0384cd6b-ugd011810-0001-solo.webp
978	https://hrana.s27.cdn-upgates.com/3/369943a515e079-flesh-and-blood-silver-age-dash-deck-en.jpg
980	https://hrana.s27.cdn-upgates.com/n/n69943b66ba9a9-flesh-and-blood-silver-age-azalea-deck-en.jpg
983	https://hrana.s27.cdn-upgates.com/7/769943bd26da0f-flesh-and-blood-silver-age-kayo-deck-en.jpg
984	https://hrana.s27.cdn-upgates.com/v/v69943fd457a7e-flesh-and-blood-silver-age-iyslander-deck-en.jpg
986	https://hrana.s27.cdn-upgates.com/4/46994402dd21b8-flesh-and-blood-silver-age-enigma-deck-en.jpg
987	https://hrana.s27.cdn-upgates.com/a/a6994404a33d9f-flesh-and-blood-silver-age-dorinthea-deck-en.jpg
988	https://hrana.s27.cdn-upgates.com/8/869947149b5102-riftbound-league-of-legends-standard-size-sleeves-spirit-blossom-darius-100-spiritforged-0810155274528-1.jpg
99	https://hrana.s27.cdn-upgates.com/r/r67a35917b02c1-playmat-edition-vol-1.png
990	https://hrana.s27.cdn-upgates.com/e/e69947278e4f0c-riftbound-league-of-legends-standard-size-sleeves-spirit-blossom-ahri-100-spiritforged-0810155274535.jpg
991	https://hrana.s27.cdn-upgates.com/d/d699473c5344e2-gamenerdzimage9999-4979-60208.webp
992	https://hrana.s27.cdn-upgates.com/k/k699475612d708-gamenerdzimage9999-4980-27712.webp
993	https://hrana.s27.cdn-upgates.com/s/s699475b7abbfc-gamenerdzimage9999-4981-38945.webp
994	https://hrana.s27.cdn-upgates.com/s/s6994760f22913-gamenerdzimage9999-4982-46864.webp
996	https://hrana.s27.cdn-upgates.com/o/o699472accb490-riftbound-league-of-legends-standard-size-sleeves-spirit-blossom-teemo-100-spiritforged-0810155274511.jpg
999	https://hrana.s27.cdn-upgates.com/6/669947e26e57b7-db-vivid-alcove-flip-green-1.jpg
