id	title
1000	Ultra Pro - Vivid Alcove Flip Deckbox Yellow
102	Obaly na karty Dragon Shield - Flesh and Blood Sleeves Dash (100 ks)
103	Obaly na karty Dragon Shield - Flesh and Blood Sleeves Dorinthea (100 ks)
104	Obaly na karty Dragon Shield - Flesh and Blood Sleeves Vynnset (100 ks)
1044	Ultra Pro - Vivid Alcove Edge Deck Box Light Blue
1048	Gamegenic - Sizemorph Divider Purple
1049	Gamegenic - Sizemorph Divider Black
1050	Gamegenic - Sizemorph Divider Blue
1051	Gamegenic - Sizemorph Divider White
1052	Gamegenic - Sizemorph Divider Red
1053	Gamegenic - Sizemorph Divider Green
1054	Gamegenic - Sizemorph Divider Yellow
106	Obaly na karty Dragon Shield - Flesh and Blood Sleeves Katsu (100 ks)
1060	Gamegenic - Double Deck Holder 200+ XL Green
1061	Gamegenic - Double Deck Holder 200+ XL White
1062	Dragon Shield - Dual Matte Sleeves: Nebula & Silver
1063	Dragon Shield - Dual Matte Sleeves: Sky Blue & Silver
1064	Dragon Shield - Dual Matte Sleeves: Apple Green & Silver
1065	Dragon Shield - Dual Matte Sleeves: Crimson & Silver
1066	Dragon Shield - Dual Matte Sleeves: Yellow & Silver
1067	KMC Standard Sleeves - Side-In Perfect (100)
1069	Ultra Pro - Pikachu 9-Pocket Portfolio for Pokemon
107	Obaly na karty Dragon Shield - Flesh and Blood Sleeves Azalea (100 ks)
1070	Ultra Pro - Pikachu Playmat for Pokémon
1087	Dragon Shield - Clear Matte Outer Sleeves
109	Obaly na karty Dragon Shield - Flesh and Blood Sleeves Emperor (100 ks)
110	Obaly na karty Dragon Shield - Flesh and Blood Sleeves Miragai (100 ks)
111	Obaly na karty Dragon Shield - Flesh and Blood Sleeves Fai (100 ks)
112	Obaly na karty Dragon Shield - Flesh and Blood Sleeves Prism (100 ks)
113	Obaly na karty Dragon Shield - Flesh and Blood Sleeves Lexi (100 ks)
1155	Ultra PRO Regular Toploader 35PT a obaly (100 ks)
1156	KMC - Standard Sleeves - Character Sleeve Guard Super Hard (60x)
1158	UVS Games Riftbound: League of Legends TCG - Unleashed Booster Box
116	Podložka Gamegenic - Star Wars: Unlimited Battle Droids
117	Krabička na karty Gamegenic - Star Wars: Unlimited Double Deck Pod Yellow
118	Krabička na karty Gamegenic - Star Wars: Unlimited Double Deck Pod White/Black
120	Obaly na karty Gamegenic - Star Wars: Unlimited Art Sleeves Obi-Wan Kenobi
121	Obaly na karty Gamegenic - Star Wars: Unlimited Art Sleeves General Grievous
1211	Gamegenic - Double Deck Holder 200+ XL Black
1219	KMC Standard Sleeves - Hyper MAT PRO Black (100x)
122	Krabička na karty Gamegenic - Star Wars: Unlimited Double Deck Pod Green
1220	KMC Standard Sleeves - Hyper MAT PRO Blue (100x)
1221	KMC Standard Sleeves - Hyper MAT PRO Red (100x)
123	Obaly na karty Gamegenic - Star Wars: Unlimited Double Sleeving Pack Space Red
124	Krabička na karty Gamegenic - Star Wars: Unlimited Double Deck Pod Red
1247	Ultimate Guard Katana - Turquoise 100 ks
125	Podložka Gamegenic - Star Wars: Unlimited Speeder Bike Chase
126	Podložka Gamegenic - Star Wars: Unlimited Yoda
127	Krabička na karty Gamegenic - Star Wars: Unlimited Double Deck Pod Blue
128	Podložka Gamegenic - Star Wars: Unlimited Darth Maul
1285	Dragon Shield Flesh and Blood obaly - Iyslander Elemental Wizard (100 ks)
1287	Obaly na karty Dragon Shield - The Snortle Brushed Art Sleeves (100ks)
1288	Obaly na karty Dragon Shield - The Dragowlis Brushed Art Sleeves (100ks)
1289	Dragon Shield - Strongbox Clear
129	Obaly na karty Gamegenic - Star Wars: Unlimited Art Sleeves Ahsoka Tano
1290	Dragon Shield - Strongbox Clear Black
1291	Dragon Shield - Strongbox Clear Blue
1292	Dragon Shield - Strongbox Clear Green
1293	Dragon Shield - Strongbox Clear Purple
1294	Dragon Shield - Strongbox Clear Red
130	Krabička na karty Gamegenic - Star Wars: Unlimited Soft Crate Obi-Wan Kenobi/Darth Maul
132	Krabička na karty Gamegenic - Star Wars: Unlimited Soft Crate Ahsoka Tano/General Grievous
1322	Dragon Shield - Playmat The Snortle
1323	Dragon Shield - Playmat The Dragowlis
1326	Ultimate Guard Katana - Red 100 ks
1327	Ultimate Guard Katana - Transparent 100 ks
1328	Ultimate Guard Katana - Rising Sun 100 ks
1329	Ultimate Guard Zipfolio 160 8-Pocket Xenoskin - Black
133	Obaly na karty Gamegenic - Star Wars: Unlimited Art Sleeves Darth Maul
1332	Ultra PRO Magic: The Gathering - Mana 7 Plains
1337	Podložka Ultra PRO Magic: The Gathering - Mana 7 Mountain
1338	Ultra PRO Magic: The Gathering - Mana 7 Island
1339	Ultra PRO Magic: The Gathering - Mana 7 Color Wheel
134	Podložka Gamegenic - Star Wars: Unlimited Rancor
1340	Ultra PRO Magic: The Gathering - Mana 7 Forest
1341	Ultra Pro - 9-Pocket PRO-Binder Eclipse - Forest Green
1342	UVS Games Riftbound: League of Legends TCG - Vendetta Booster
1343	UVS Games Riftbound: League of Legends TCG - Vendetta Booster Box
1344	UVS Games Riftbound: League of Legends TCG - Vendetta Vault
135	Krabička na karty Gamegenic - Star Wars: Unlimited Soft Crate Rey/Kylo Ren
1359	Ultra PRO - "Penny Sleeves" (100 ks)
136	Krabička na karty Gamegenic - Star Wars: Unlimited Soft Crate Mandalorian/Moff Gideon
1364	Chessex - Brush - Breezy/blue
1365	Chessex - Brush - Paintball/green
1366	Chessex - Brush - Dark Side/blue
1367	Podložka Ultra PRO Magic: The Gathering - Mana 7 Swamp
137	Krabička na karty Gamegenic - Star Wars: Unlimited Double Deck Pod Black
139	Krabička na karty Gamegenic - Star Wars: Unlimited Deck Pod Blue
1405	Dragon Shield - Perfect Fit Clear/Clear 100ks
1406	Dragon Shield Standard Perfect fit Sideloading Sleeves - Clear 100ks
1407	Dragon Shield - Power & Copper Matte Dual Sleeves 100ks
1408	Dragon Shield - Soul & Petrol Matte Dual Sleeves 100ks
1409	Dragon Shield - Black & Gold, Matte Dual Sleeves 100ks
141	Obaly na karty Gamegenic - Star Wars: Unlimited Double Sleeving Pack Luke Skywalker
142	Krabička na karty Gamegenic - Star Wars: Unlimited Deck Pod Yellow
143	Krabička na karty Gamegenic - Star Wars: Unlimited Deck Pod White/Black
1433	Ultimate Guard Precise-Fit - 100 ks
144	Krabička na karty Gamegenic - Star Wars: Unlimited Deck Pod Green
1449	Bandai One Piece - Oficiální Obaly Store Edtion Vol. 7 - Water Seven
145	Krabička na karty Gamegenic - Star Wars: Unlimited Deck Pod Red
1480	Gamegenic Magic: The Gathering - Shiny Playmat: The Hobbit - My Precious
1481	Gamegenic Magic: The Gathering - Shiny Playmat: The Hobbit - Smaug, the Golden
1482	Gamegenic Magic: The Gathering - Prime Playmat: The Hobbit - Thorin, Mountain-king
1483	Gamegenic Magic: The Gathering - Prime Playmat: The Hobbit - Radagast of Rhosgobel
1484	Gamegenic Magic: The Gathering - Prime Playmat: The Hobbit - Battle of the Five Armies
1485	Gamegenic Magic: The Gathering - Prime Playmat: The Hobbit - Leaving Hobbiton
1488	Gamegenic Magic: The Gathering - BASTION 80+ XL
1489	Gamegenic Magic: The Gathering - BASTION 80+ XL
1492	Gamegenic Magic: The Gathering - Art Sidekick Pro 100+ XL: The Hobbit - Bard, King of Dale and Smaug, Wicked Worm
1493	Gamegenic Magic: The Gathering - Art Sidekick Pro 100+ XL: The Hobbit - Battle of the Five Armies
1494	Gamegenic Magic: The Gathering - Art Squire Plus 100+ XL: The Hobbit - The Queen of Dale
1495	Gamegenic Magic: The Gathering - Art Squire Plus 100+ XL: The Hobbit - Battle of Goblin Town
1496	Gamegenic Magic: The Gathering - Art Squire 80+: The Hobbit - Book Cover: Thranduil, The Elvenking and Thorin, Mountain-king
1497	Gamegenic Magic: The Gathering - Art Squire 80+: The Hobbit - Book Cover: Gandalf, Goblins' Bane and The Lord of the Eagles
1498	Gamegenic Magic: The Gathering - Art Squire 80+: The Hobbit - Book Cover: Arkenstone and Smaug, Wicked Worm
1499	Gamegenic Magic: The Gathering - Art Squire 80+: The Hobbit - Book Cover: Gleaming Splendor and Bard, King of Dale
1500	Gamegenic Magic: The Gathering - Art Squire 80+: The Hobbit - Book Cover: Gollum, Riddle Master and The Lonely Mountain
1501	Gamegenic Magic: The Gathering - Soft Crate 80+: The Hobbit - Leaving Hobbiton and Troop of Ponies
1502	Gamegenic Magic: The Gathering - Soft Dynacrate 100+: The Hobbit - Riddles in the Dark
1503	Gamegenic Magic: The Gathering - 2-Player Prime Playmat: The Hobbit - Bilbo's Pantry
1504	Gamegenic Magic: The Gathering - Shiny Playmat: The Hobbit - Head of the Hunt
1505	Gamegenic Magic: The Gathering - Shiny Playmat: The Hobbit - Mirkwood
1506	Gamegenic Magic: The Gathering - Shiny Playmat: The Hobbit - Gandalf, Shadow's Foe
1510	Gamegenic Magic: The Gathering - Zip-Up Album 24-Pocket: The Hobbit - The Shire
1511	Gamegenic Magic: The Gathering - Zip-Up Album 18-Pocket: The Hobbit - Smaug's Mox Amber
1512	Gamegenic Magic: The Gathering - Zip-Up Album 18-Pocket: The Hobbit - Book Cover: Thranduil, Elvenking and Thorin, Mountain-king
1513	Gamegenic Magic: The Gathering - Zip-Up Album 18-Pocket: The Hobbit - Book Cover: Gandalf, Goblins' Bane en Lord of the Eagles
1514	Gamegenic Magic: The Gathering - Zip-Up Album 18-Pocket: The Hobbit - Book Cover: Gleaming Splendor and Bard, King of Dale
1515	Gamegenic Magic: The Gathering - Zip-Up Album 18-Pocket: The Hobbit - Book Cover: The Arkenstone en Smaug, Wicked Worm
1516	Gamegenic Magic: The Gathering - Zip-Up Album 18-Pocket: The Hobbit - Book Cover: Gollum, Riddle Master and The Lonely Mountain
1517	Gamegenic Magic The Hobbit Prime Playmat The Shire
1518	Gamegenic Magic The Hobbit Art Sleeves Thorin, Mountain-king
1519	Gamegenic Magic The Hobbit Art Sleeves Gollum, Riddle Master
1520	Gamegenic Magic The Hobbit Art Sleeves Head of the Hunt
1521	Gamegenic Magic The Hobbit Art Sleeves Goblin Army Token
1522	Gamegenic Magic The Hobbit Art Sleeves Gandalf, Shadow's Foe
1523	Gamegenic Magic The Hobbit Art Sleeves Thranduil, Sindarin Liege
1524	Gamegenic Magic The Hobbit Art Sleeves On an Adventure
1525	Gamegenic Magic The Hobbit Art Sleeves Smaug, the Golden
1526	Gamegenic Magic The Hobbit Art Sleeves The Shire
1527	Gamegenic Magic The Hobbit Art Bastion 100+ XL The Great Goblin
1528	Gamegenic Magic The Hobbit Art Bastion 100+ XL My Precious
1530	Bandai One Piece Card Game Double Pack Set Vol. 12 OP-17 The World's Strongest Warriors
1531	Bandai One Piece Card Game Booster Pack OP-17 The World's Strongest Warriors
1532	Bandai One Piece Card Game Booster Box OP-17 The World's Strongest Warriors
1536	Curator obaly na karty Masterworks Smolder, 100 ks
1537	Curator obaly na karty Masterworks Revelation, 100 ks
1538	Curator obaly na karty Masterworks Reverence, 100 ks
1539	Curator obaly na karty Masterworks Silence, 100 ks
1540	Curator obaly na karty Masterworks Conduit, 100 ks
1541	Curator obaly na karty Masterworks Slumber, 100 ks
1542	Curator obaly na karty Palette Matcha, 100 ks
1543	Curator obaly na karty Masterworks Essence, 100 ks
1544	Curator obaly na karty Masterworks Echo, 100 ks
1545	Curator obaly na karty Masterworks Currents, 100 ks
1546	Dragon Shield Flesh and Blood obaly na karty Voltbound Duality, 100 ks
1553	WeirdCo Cyberpunk TCG Welcome to Night City - The Heist
1554	WeirdCo Cyberpunk TCG Welcome to Night City - Embracing Power
1558	Curator Palette Series Noctura 100 ks
1559	Orange Nebula Curator Arcane Landscapes The Caverns podložka na hraní
1560	Orange Nebula Curator Arcane Landscapes The Mists podložka na hraní
1561	Orange Nebula Curator Arcane Landscapes The Ruins podložka na hraní
1562	Orange Nebula Curator Arcane Landscapes The Mezzanines podložka na hraní
1563	Orange Nebula Curator Palette Series Charcoal obaly na karty 100 ks
1564	Orange Nebula Curator Palette Series Moss obaly na karty 100 ks
1565	Orange Nebula Curator Palette Series Sienna obaly na karty 100 ks
1566	Curator obaly na karty Palette Tryian 100 ks
1567	Curator obaly na karty Palette Honey 100 ks
1569	Curator obaly na karty Palette Ochre 100 ks
1570	Curator obaly na karty Palette Azure 100 ks
1571	Curator obaly na karty Masterwork Hallowed 100 ks
1572	Curator obaly na karty Palette Ink 100 ks
1573	Curator obaly na karty Masterwork Sanctuary 100 ks
1574	Curator obaly na karty Masterwork Reverie 100 ks
1575	Curator obaly na karty Masterwork Cultivation 100 ks
1576	Curator obaly na karty Masterwork Guidance 100 ks
1577	Curator obaly na karty Masterwork Tranquility 100 ks
1578	Curator obaly na karty Masterwork Solace 100 ks
1580	Konami Yu-Gi-Oh! Magnificent Monsters Tuck Box
1581	Dragon Shield Fortress Card Drawer Vertical 2 White
1582	Ultra Pro Binder Eclipse 9P White
1583	Ultra Pro Binder Eclipse 9P Jet Black
1584	Ultra Pro Binder Eclipse 9P Smoke Grey
1586	Ultra Pro Eclipse Pro-Binder 12-Pocket A4 album Apple Red
1587	Orange Nebula Curator Palette Series Parchment
1589	Bandai Official Card Sleeves 16 Monkey D. Luffy
1590	Bandai Official Card Sleeves 16 Tony Tony Chopper
1591	Bandai Official Card Sleeves 16 Boa Hancock
1592	Bandai Official Card Sleeves 16 Rocks D. Xebec Standard Blue
1593	Legend Story Studios Flesh and Blood Usurp the Shadow Throne Booster Case 4 Boxes
1594	Legend Story Studios Flesh and Blood Usurp the Shadow Throne Booster Box 24 Boosters
1595	Legend Story Studios Flesh and Blood Usurp the Shadow Throne Booster 16 Cards
1644	Bandai One Piece Card Game Set Sail Deck
1645	Ultra PRO Eclipse Matte obaly na karty standardní velikosti královsky fialové (105 ks)
1646	Ultra PRO Eclipse Matte obaly na karty standardní velikosti světle modré (105 ks)
1647	Ultra PRO Eclipse Matte obaly na karty standardní velikosti lesně zelené (105 ks)
1648	Ultra PRO Eclipse Matte obaly na karty standardní velikosti bílé (105 ks)
1649	Ultra PRO Eclipse Matte obaly na karty standardní velikosti černé (105 ks)
1650	Ultra PRO Eclipse Matte obaly na karty standardní velikosti modré (105 ks)
1651	Ultra PRO Eclipse Matte obaly na karty standardní velikosti červené (105 ks)
208	Album se zipem ULTRA PRO - Vivid 4 Pocket Blue PRO
212	Album se zipem ULTRA PRO - Vivid 4 Pocket Green PRO
213	Album se zipem ULTRA PRO - Vivid 4 Pocket Light Blue
214	Album se zipem ULTRA PRO - Vivid 9 Pocket Red PRO
220	Krabička na karty Gamegenic - Deck Holder 100+ White
222	Krabička na karty Gamegenic - Deck Holder 100+ Black
265	Obaly na karty KMC - Standard Sleeves Perfect Size
305	Pevné obaly na karty Ultra Pro - 3x4 Black Border Toploader (25ks)
345	Obaly na karty Gamegenic - Matte Prime Blue (100ks)
362	Krabička na karty Gamegenic - Stronghold 200+ Convertible Pink
392	Album Ultra Pro - Pokémon Premium Red Snap
409	Album na Karty Ultimate Guard - Magic: The Gathering "Bloomburrow" - Season of the Burrow
411	Album na Karty Ultimate Guard - Magic: The Gathering "Bloomburrow" - Season of the Bold
551	Gamegenic - Matte Prime Dark Gray (100ks)
552	Gamegenic - Matte Prime White (100ks)
554	Gamegenic - Matte Prime Yellow (100ks)
555	Ultra Pro - Pikachu Alcove Tower Deck Box for Pokemon
556	Ultra Pro - Pikachu 9-Pocket PRO-Binder for Pokemon
584	Obal na Podložku Gamegenic - Průhledný
61	Obaly na karty Dragon Shield - Copper 'Draco Primus' (100ks)
62	Obaly na karty Dragon Shield - Matte Blood Red (100ks)
626	Pokémon - Ultra Pro Elite Gengar Alcove Flip Box
63	Obaly na karty Dragon Shield - Purple 'Miasma' (100ks)
64	Obaly na karty Dragon Shield - Matte White 'Bounteous' (100ks)
667	Obaly na karty Dragon Shield - Matte Midnight Blue (100ks)
668	Obaly na karty Dragon Shield - Matte Yellow (100ks)
669	Obaly na karty Dragon Shield - Matte Orange (100ks)
67	Obaly na karty Dragon Shield - Ruby 'Rubis' (100ks)
670	Obaly na karty Dragon Shield - Matte Petrol (100ks)
671	Obaly na karty Dragon Shield - Matte Ivory (100ks)
672	Obaly na karty Dragon Shield - Matte Apple Green (100ks)
673	Obaly na karty Dragon Shield - Matte Aurora (100ks)
674	Obaly na karty Dragon Shield - Matte Pink (100ks)
675	Obaly na karty Dragon Shield - Matte Forest Green (100ks)
676	Obaly na karty Dragon Shield - Matte Mint (100ks)
678	Obaly na karty Dragon Shield - Matte Crimson (100ks)
679	Obaly na karty Dragon Shield - Matte Amber (100ks)
680	Obaly na karty Dragon Shield - Matte Sapphire (100ks)
681	Obaly na karty Dragon Shield - Matte Turquoise (100ks)
682	Obaly na karty Dragon Shield - Matte Magenta (100ks)
683	Obaly na karty Dragon Shield - Matte Silver (100ks)
71	Krabička na karty Gamegenic - The Academic 133+ XL Černá
72	Krabička na karty Gamegenic - The Academic 133+ XL Zelená/Černá
73	Krabička na karty Gamegenic - Watchtower 100+ XL Modrá/Oranžová
74	Krabička na karty Gamegenic - Watchtower 100+ XL Červená
77	Obaly na karty Dragon Shield - Matte Gold (100ks)
78	Obaly na karty Dragon Shield - Matte Sleeves Emerald (100ks)
787	Obaly na karty Dragon Shield - Dual Matte Power Metallic Green (100ks)
788	Obaly na karty Dragon Shield - Dual Matte Standard Peach Piip (100ks)
789	Obaly na karty Dragon Shield - Matte Dual Blossom (100ks)
790	Obaly na karty KMC - Card Case 200 Clear
792	Obaly na karty KMC - Standard Sleeves Perfect Hard (50)
793	Krabička na karty KMC - Card Case 200 Blue
795	Pokémon Ultra PRO - Pikachu Full View Deck Box
796	Pokémon Ultra PRO - Elite Gengar Sleeves Apex Deck Protector
801	Obaly na karty Dragon Shield - Matte Dual Lightning Ailia (100ks)
802	Obaly na karty Dragon Shield - Matte Dual Cobalt & Silver (100ks)
803	Obaly na karty Dragon Shield - Matte Dual Wisdom (100ks)
804	Obaly na karty Dragon Shield - Matte Dual Gooseberry (100ks)
805	Obaly na karty Dragon Shield - Matte Dual Orchid Emme (100ks)
806	Obaly na karty Dragon Shield - Matte Dual Valor (100ks)
807	Obaly na karty Dragon Shield - Matte Dual Justice (100ks)
808	Obaly na karty Dragon Shield - Matte Dual Standard Size Might (100ks)
809	Obaly na karty Dragon Shield - Matte Dual Standard Size Truth (100ks)
810	Obaly na karty Dragon Shield - Matte Dual Standard Size Crypt Neonen (100ks)
811	Obaly na karty Dragon Shield - Matte Dual Standard Size Pomegranate & Gold (100ks)
812	Obaly na karty Dragon Shield - Matte Dual Standard Size Fury Alaric Crimson King (100ks)
813	Obaly na karty Dragon Shield - Matte Dual Standard Size Glacier Miniom (100ks)
814	Obaly na karty Dragon Shield - Matte Dual Standard Size Eucalyptus Lehel (100ks)
815	Obaly na karty Dragon Shield - Matte Dual Standard Size Lagoon Saras (100ks)
816	Obaly na karty Dragon Shield - Matte Dual Ember Alaric Revolution Kindler (100ks)
817	Obaly na karty Dragon Shield - Matte Dual Soul (100ks)
818	Obaly na karty Dragon Shield - Matte Dual Snow Nirin (100ks)
819	Obaly na karty Dragon Shield - Matte Dual Wraith Alaric Chaos Wraith (100ks)
857	Ultra PRO - Folie na 9 karet Platinum series (100 ks)
859	Ultra PRO - Pokémon Album A5 Gallery Series Pikachu
860	Spell Ward - Deckbox Nexis White
861	Spell Ward - Deckbox Void Black
862	Spell Ward - Dual Matte Sleeves Nexis White
865	Spell Ward - Toploader (25ks)
901	Q Workshop Dice Set Full Pack D6 Black&White
902	Q Workshop Dice Set Full Pack D6 Green&Gold
903	Q Workshop Dice Set Full Pack D6 Pearl&Black
904	Q Workshop Dice Set Full Pack D6 Red&White
906	Gamegenic Playmat Tube - Purple
907	Q Workshop Dice Set Full Pack D6 Purple&Gold
925	Ultimate Guard Zipfolio 360 18-Pocket Xenoskin - Black
926	Ultimate Guard Zipfolio 360 18-Pocket Xenoskin - Blue
927	Ultimate Guard Zipfolio 360 18-Pocket Xenoskin - Green
928	Ultimate Guard Zipfolio 360 18-Pocket Xenoskin - White
929	Ultimate Guard Zipfolio 360 18-Pocket Xenoskin - Red
930	Ultimate Guard Zipfolio 480 24-Pocket Xenoskin - Black
933	Ultimate Guard Zipfolio 160 8-Pocket Xenoskin - Red
934	Ultimate Guard Zipfolio 160 8-Pocket Xenoskin - White
935	Ultimate Guard Zipfolio 160 8-Pocket Xenoskin - Purple
936	Ultimate Guard Zipfolio 160 8-Pocket Xenoskin - Green
937	Ultimate Guard Zipfolio 320 16-Pocket Xenoskin - Blue
938	Ultimate Guard Zipfolio 320 16-Pocket Xenoskin - Red
939	Ultimate Guard Zipfolio 320 16-Pocket Xenoskin - Black
940	Ultimate Guard Zipfolio 320 16-Pocket Xenoskin - White
941	Ultimate Guard Zipfolio 320 16-Pocket Xenoskin - Purple
942	Ultimate Guard Zipfolio 320 16-Pocket Xenoskin - Green
943	Ultimate Guard Zipfolio 480 24-Pocket Xenoskin - Red
944	Ultimate Guard Zipfolio 480 24-Pocket Xenoskin - Green
945	Ultimate Guard Zipfolio 480 24-Pocket Xenoskin - Petrol
946	Ultimate Guard Zipfolio 160 Xenoskin Harry Potter - Gryffindor
947	Ultimate Guard Zipfolio 160 Xenoskin Harry Potter - Slytherin
948	Ultimate Guard Zipfolio 160 Xenoskin Harry Potter - Hufflepuff
949	Ultimate Guard Zipfolio 160 Xenoskin Harry Potter - Ravenclaw
950	Ultimate Guard Zipfolio 360 Xenoskin Magic: The Gathering "Lorwyn Eclipsed" - Swamp
951	Ultimate Guard Zipfolio 360 Xenoskin Magic: The Gathering "Lorwyn Eclipsed" - Mountain
952	Ultimate Guard Zipfolio 360 Xenoskin Magic: The Gathering "Lorwyn Eclipsed" - Forest
955	Ultimate Guard Boulder 100+ Harry Potter - Gryffindor
956	Ultimate Guard Boulder 100+ Harry Potter - Slytherin
957	Ultimate Guard Boulder 100+ Harry Potter - Hufflepuff
958	Ultimate Guard Boulder 100+ Harry Potter - Ravenclaw
960	Ultimate Guard Boulder 100+ Hybrid Magic: The Gathering "Mana Edition" - Island
961	Ultimate Guard Boulder 100+ Hybrid Magic: The Gathering "Mana Edition" - Mountain
962	Ultimate Guard Boulder 100+ Hybrid Magic: The Gathering "Mana Edition" - Forest
963	Ultimate Guard Sidewinder 100+ Xenoskin Harry Potter - Harry Potter
964	Ultimate Guard Sidewinder 100+ Xenoskin Harry Potter - Luna Lovegood
965	Ultimate Guard Sidewinder 100+ Xenoskin Harry Potter - Hermione Granger
968	Ultimate Guard Sidewinder 100+ Xenoskin "Floral Places" - Springbloom Meadow
969	Ultimate Guard Sidewinder 133+ Xenoskin "Floral Places" - Secret Garden
970	Ultimate Guard Zipfolio 360 Xenoskin "Artist Edition #3 Dominik Mayer"
971	Ultimate Guard Boulder 100+ Magic: The Gathering "Lorwyn Eclipsed" - Boggarts
972	Ultimate Guard Boulder 100+ Magic: The Gathering "Lorwyn Eclipsed" - Faeries
973	Ultimate Guard Boulder 100+ Magic: The Gathering "Lorwyn Eclipsed" - Merrow
974	Ultimate Guard Boulder 100+ Magic: The Gathering "Lorwyn Eclipsed" - Changelings
999	Ultra PRO - Vivid Alcove Flip Deckbox Green
